"","time","lwp","cth","trel"
"1",61204,5.31710529327393,2890,-0.998888888888889
"2",61208,5.73904037475586,2890,-0.997777777777778
"3",61212,5.73904037475586,2890,-0.996666666666667
"4",61216,5.73904037475586,2890,-0.995555555555556
"5",61220,5.73904037475586,2890,-0.994444444444444
"6",61224,5.73904037475586,2890,-0.993333333333333
"7",61228,5.73904037475586,2860,-0.992222222222222
"8",61232,5.73904037475586,2860,-0.991111111111111
"9",61236,6.00714874267578,2860,-0.99
"10",61240,6.00714874267578,2860,-0.988888888888889
"11",61244,6.00714874267578,2860,-0.987777777777778
"12",61248,6.00714874267578,2830,-0.986666666666667
"13",61252,6.00714874267578,2830,-0.985555555555556
"14",61256,6.00714874267578,2830,-0.984444444444444
"15",61260,4.21293163299561,2830,-0.983333333333333
"16",61264,4.21293163299561,2830,-0.982222222222222
"17",61268,4.21293163299561,2830,-0.981111111111111
"18",61272,4.21293163299561,2830,-0.98
"19",61276,4.21293163299561,2860,-0.978888888888889
"20",61280,4.21293163299561,2860,-0.977777777777778
"21",61284,7.63092184066772,2860,-0.976666666666667
"22",61288,7.63092184066772,2890,-0.975555555555556
"23",61292,7.63092184066772,2890,-0.974444444444444
"24",61296,7.63092184066772,2890,-0.973333333333333
"25",61300,7.63092184066772,8710,-0.972222222222222
"26",61304,7.63092184066772,8740,-0.971111111111111
"27",61308,2.97429060935974,8770,-0.97
"28",61312,2.97429060935974,8770,-0.968888888888889
"29",61316,2.97429060935974,8770,-0.967777777777778
"30",61320,2.97429060935974,8770,-0.966666666666667
"31",61324,2.97429060935974,8800,-0.965555555555556
"32",61328,2.97429060935974,8800,-0.964444444444444
"33",61332,4.10671758651733,8800,-0.963333333333333
"34",61336,4.10671758651733,8830,-0.962222222222222
"35",61340,4.10671758651733,8830,-0.961111111111111
"36",61344,4.10671758651733,8830,-0.96
"37",61348,4.10671758651733,8830,-0.958888888888889
"38",61352,4.10671758651733,8830,-0.957777777777778
"39",61356,4.10671758651733,8860,-0.956666666666667
"40",61360,4.06468105316162,8890,-0.955555555555556
"41",61364,4.06468105316162,8890,-0.954444444444444
"42",61368,4.06468105316162,8920,-0.953333333333333
"43",61372,4.06468105316162,8920,-0.952222222222222
"44",61376,4.06468105316162,8920,-0.951111111111111
"45",61380,4.06468105316162,8920,-0.95
"46",61384,2.56441640853882,8920,-0.948888888888889
"47",61388,2.56441640853882,8920,-0.947777777777778
"48",61392,2.56441640853882,8950,-0.946666666666667
"49",61396,2.56441640853882,8950,-0.945555555555556
"50",61400,2.56441640853882,8950,-0.944444444444444
"51",61404,2.56441640853882,8950,-0.943333333333333
"52",61408,7.55634880065918,8950,-0.942222222222222
"53",61412,7.55634880065918,8950,-0.941111111111111
"54",61416,7.55634880065918,8950,-0.94
"55",61420,7.55634880065918,8950,-0.938888888888889
"56",61424,7.55634880065918,8950,-0.937777777777778
"57",61428,7.55634880065918,8950,-0.936666666666667
"58",61432,3.84069848060608,8950,-0.935555555555556
"59",61436,3.84069848060608,8950,-0.934444444444444
"60",61440,3.84069848060608,8950,-0.933333333333333
"61",61444,3.84069848060608,8950,-0.932222222222222
"62",61448,3.84069848060608,8950,-0.931111111111111
"63",61452,3.84069848060608,8950,-0.93
"64",61456,6.59191417694092,8950,-0.928888888888889
"65",61460,6.59191417694092,8950,-0.927777777777778
"66",61464,6.59191417694092,8950,-0.926666666666667
"67",61468,6.59191417694092,8950,-0.925555555555556
"68",61472,6.59191417694092,8920,-0.924444444444444
"69",61476,6.59191417694092,8890,-0.923333333333333
"70",61480,7.03173446655273,2680,-0.922222222222222
"71",61484,7.03173446655273,2710,-0.921111111111111
"72",61488,7.03173446655273,2710,-0.92
"73",61492,7.03173446655273,2680,-0.918888888888889
"74",61496,7.03173446655273,2680,-0.917777777777778
"75",61500,7.03173446655273,2680,-0.916666666666667
"76",61504,7.03173446655273,2680,-0.915555555555556
"77",61508,10.3254976272583,2680,-0.914444444444444
"78",61512,10.3254976272583,2710,-0.913333333333333
"79",61516,10.3254976272583,2740,-0.912222222222222
"80",61520,10.3254976272583,2740,-0.911111111111111
"81",61524,10.3254976272583,2770,-0.91
"82",61528,10.3254976272583,2770,-0.908888888888889
"83",61532,9.2127628326416,2770,-0.907777777777778
"84",61536,9.2127628326416,2770,-0.906666666666667
"85",61540,9.2127628326416,8650,-0.905555555555556
"86",61544,9.2127628326416,8680,-0.904444444444444
"87",61548,9.2127628326416,8710,-0.903333333333333
"88",61552,9.2127628326416,8710,-0.902222222222222
"89",61556,7.07738208770752,8710,-0.901111111111111
"90",61560,7.07738208770752,8710,-0.9
"91",61564,7.07738208770752,8710,-0.898888888888889
"92",61568,7.07738208770752,8710,-0.897777777777778
"93",61572,7.07738208770752,8740,-0.896666666666667
"94",61576,7.07738208770752,8740,-0.895555555555556
"95",61580,4.15459585189819,8740,-0.894444444444444
"96",61584,4.15459585189819,8740,-0.893333333333333
"97",61588,4.15459585189819,8740,-0.892222222222222
"98",61592,4.15459585189819,8740,-0.891111111111111
"99",61596,4.15459585189819,8740,-0.89
"100",61600,4.15459585189819,8740,-0.888888888888889
"101",61604,6.35125732421875,8740,-0.887777777777778
"102",61608,6.35125732421875,8740,-0.886666666666667
"103",61612,6.35125732421875,8740,-0.885555555555556
"104",61616,6.35125732421875,8740,-0.884444444444444
"105",61620,6.35125732421875,8740,-0.883333333333333
"106",61624,6.35125732421875,8740,-0.882222222222222
"107",61628,6.35125732421875,8740,-0.881111111111111
"108",61632,6.77061176300049,8740,-0.88
"109",61636,6.77061176300049,8740,-0.878888888888889
"110",61640,6.77061176300049,8740,-0.877777777777778
"111",61644,6.77061176300049,8740,-0.876666666666667
"112",61648,6.77061176300049,8740,-0.875555555555556
"113",61652,6.77061176300049,8740,-0.874444444444444
"114",61656,9.80431270599365,8740,-0.873333333333333
"115",61660,9.80431270599365,8740,-0.872222222222222
"116",61664,9.80431270599365,8770,-0.871111111111111
"117",61668,9.80431270599365,8770,-0.87
"118",61672,9.80431270599365,8770,-0.868888888888889
"119",61676,9.80431270599365,8770,-0.867777777777778
"120",61680,9.8880443572998,8770,-0.866666666666667
"121",61684,9.8880443572998,8770,-0.865555555555556
"122",61688,9.8880443572998,8770,-0.864444444444444
"123",61692,9.8880443572998,8770,-0.863333333333333
"124",61696,9.8880443572998,8770,-0.862222222222222
"125",61700,9.8880443572998,8770,-0.861111111111111
"126",61704,10.0405960083008,8770,-0.86
"127",61708,10.0405960083008,8770,-0.858888888888889
"128",61712,10.0405960083008,8770,-0.857777777777778
"129",61716,10.0405960083008,8740,-0.856666666666667
"130",61720,10.0405960083008,8740,-0.855555555555556
"131",61724,10.0405960083008,8740,-0.854444444444444
"132",61728,6.61596298217773,8740,-0.853333333333333
"133",61732,6.61596298217773,8740,-0.852222222222222
"134",61736,6.61596298217773,8740,-0.851111111111111
"135",61740,6.61596298217773,8710,-0.85
"136",61744,6.61596298217773,8680,-0.848888888888889
"137",61748,6.61596298217773,2950,-0.847777777777778
"138",61752,6.61596298217773,2950,-0.846666666666667
"139",61756,11.0719938278198,2950,-0.845555555555556
"140",61760,11.0719938278198,2950,-0.844444444444444
"141",61764,11.0719938278198,2950,-0.843333333333333
"142",61768,11.0719938278198,2950,-0.842222222222222
"143",61772,11.0719938278198,2950,-0.841111111111111
"144",61776,11.0719938278198,2950,-0.84
"145",61780,8.96652126312256,2950,-0.838888888888889
"146",61784,8.96652126312256,2950,-0.837777777777778
"147",61788,8.96652126312256,2950,-0.836666666666667
"148",61792,8.96652126312256,2950,-0.835555555555556
"149",61796,8.96652126312256,2950,-0.834444444444444
"150",61800,8.96652126312256,2950,-0.833333333333333
"151",61804,8.96652126312256,2920,-0.832222222222222
"152",61808,8.96652126312256,2920,-0.831111111111111
"153",61812,8.96652126312256,2920,-0.83
"154",61816,8.96652126312256,2890,-0.828888888888889
"155",61820,8.96652126312256,2890,-0.827777777777778
"156",61824,8.96652126312256,2890,-0.826666666666667
"157",61828,7.0225338935852,2890,-0.825555555555556
"158",61832,7.0225338935852,2890,-0.824444444444444
"159",61836,7.0225338935852,2890,-0.823333333333333
"160",61840,7.0225338935852,2890,-0.822222222222222
"161",61844,7.0225338935852,2890,-0.821111111111111
"162",61848,7.0225338935852,2890,-0.82
"163",61852,7.0225338935852,2890,-0.818888888888889
"164",61856,7.0225338935852,2890,-0.817777777777778
"165",61860,7.0225338935852,2890,-0.816666666666667
"166",61864,7.0225338935852,2890,-0.815555555555556
"167",61868,7.0225338935852,2890,-0.814444444444444
"168",61872,7.0225338935852,2890,-0.813333333333333
"169",61876,7.0225338935852,2890,-0.812222222222222
"170",61880,9.42782783508301,2890,-0.811111111111111
"171",61884,9.42782783508301,2890,-0.81
"172",61888,9.42782783508301,2890,-0.808888888888889
"173",61892,9.42782783508301,2920,-0.807777777777778
"174",61896,9.42782783508301,2920,-0.806666666666667
"175",61900,9.42782783508301,2920,-0.805555555555556
"176",61904,7.8465313911438,2950,-0.804444444444444
"177",61908,7.8465313911438,2950,-0.803333333333333
"178",61912,7.8465313911438,2950,-0.802222222222222
"179",61916,7.8465313911438,2950,-0.801111111111111
"180",61920,7.8465313911438,2920,-0.8
"181",61924,7.8465313911438,2920,-0.798888888888889
"182",61928,6.18679523468018,8650,-0.797777777777778
"183",61932,6.18679523468018,8680,-0.796666666666667
"184",61936,6.18679523468018,8710,-0.795555555555556
"185",61940,6.18679523468018,8710,-0.794444444444444
"186",61944,6.18679523468018,8710,-0.793333333333333
"187",61948,6.18679523468018,8710,-0.792222222222222
"188",61952,6.28587818145752,8710,-0.791111111111111
"189",61956,6.28587818145752,8710,-0.79
"190",61960,6.28587818145752,8710,-0.788888888888889
"191",61964,6.28587818145752,8740,-0.787777777777778
"192",61968,6.28587818145752,8740,-0.786666666666667
"193",61972,6.28587818145752,8740,-0.785555555555556
"194",61976,10.3847465515137,8740,-0.784444444444444
"195",61980,10.3847465515137,8740,-0.783333333333333
"196",61984,10.3847465515137,8710,-0.782222222222222
"197",61988,10.3847465515137,8710,-0.781111111111111
"198",61992,10.3847465515137,8710,-0.78
"199",61996,10.3847465515137,8710,-0.778888888888889
"200",62000,10.3847465515137,8710,-0.777777777777778
"201",62004,6.55183935165405,8710,-0.776666666666667
"202",62008,6.55183935165405,8710,-0.775555555555556
"203",62012,6.55183935165405,8680,-0.774444444444444
"204",62016,6.55183935165405,8650,-0.773333333333333
"205",62020,6.55183935165405,2770,-0.772222222222222
"206",62024,6.55183935165405,2770,-0.771111111111111
"207",62028,8.23899459838867,2740,-0.77
"208",62032,8.23899459838867,2740,-0.768888888888889
"209",62036,8.23899459838867,2710,-0.767777777777778
"210",62040,8.23899459838867,2710,-0.766666666666667
"211",62044,8.23899459838867,2680,-0.765555555555556
"212",62048,8.23899459838867,2680,-0.764444444444444
"213",62052,4.8385763168335,2680,-0.763333333333333
"214",62056,4.8385763168335,2680,-0.762222222222222
"215",62060,4.8385763168335,2680,-0.761111111111111
"216",62064,4.8385763168335,2680,-0.76
"217",62068,4.8385763168335,2650,-0.758888888888889
"218",62072,4.8385763168335,2590,-0.757777777777778
"219",62076,5.88541173934937,2560,-0.756666666666667
"220",62080,5.88541173934937,2530,-0.755555555555556
"221",62084,5.88541173934937,2500,-0.754444444444444
"222",62088,5.88541173934937,2500,-0.753333333333333
"223",62092,5.88541173934937,2500,-0.752222222222222
"224",62096,5.88541173934937,2500,-0.751111111111111
"225",62100,6.57660531997681,2500,-0.75
"226",62104,6.57660531997681,2500,-0.748888888888889
"227",62108,6.57660531997681,2500,-0.747777777777778
"228",62112,6.57660531997681,2500,-0.746666666666667
"229",62116,6.57660531997681,2500,-0.745555555555556
"230",62120,6.57660531997681,2500,-0.744444444444444
"231",62124,4.55411052703857,2470,-0.743333333333333
"232",62128,4.55411052703857,2470,-0.742222222222222
"233",62132,4.55411052703857,2470,-0.741111111111111
"234",62136,4.55411052703857,2440,-0.74
"235",62140,4.55411052703857,2440,-0.738888888888889
"236",62144,4.55411052703857,2440,-0.737777777777778
"237",62148,4.55411052703857,2440,-0.736666666666667
"238",62152,1.42176187038422,2440,-0.735555555555556
"239",62156,1.42176187038422,2440,-0.734444444444444
"240",62160,1.42176187038422,2470,-0.733333333333333
"241",62164,1.42176187038422,2470,-0.732222222222222
"242",62168,1.42176187038422,2470,-0.731111111111111
"243",62172,1.42176187038422,2500,-0.73
"244",62176,NA,2500,-0.728888888888889
"245",62180,NA,2500,-0.727777777777778
"246",62184,NA,2500,-0.726666666666667
"247",62188,NA,2500,-0.725555555555556
"248",62192,NA,2530,-0.724444444444444
"249",62196,NA,2530,-0.723333333333333
"250",62200,3.1654360294342,2560,-0.722222222222222
"251",62204,3.1654360294342,2560,-0.721111111111111
"252",62208,3.1654360294342,2560,-0.72
"253",62212,3.1654360294342,2590,-0.718888888888889
"254",62216,3.1654360294342,2590,-0.717777777777778
"255",62220,3.1654360294342,2590,-0.716666666666667
"256",62224,4.18225860595703,2590,-0.715555555555556
"257",62228,4.18225860595703,2590,-0.714444444444444
"258",62232,4.18225860595703,2590,-0.713333333333333
"259",62236,4.18225860595703,2590,-0.712222222222222
"260",62240,4.18225860595703,2590,-0.711111111111111
"261",62244,4.18225860595703,2590,-0.71
"262",62248,4.18225860595703,2590,-0.708888888888889
"263",62252,3.04469227790833,2590,-0.707777777777778
"264",62256,3.04469227790833,2590,-0.706666666666667
"265",62260,3.04469227790833,2590,-0.705555555555556
"266",62264,3.04469227790833,2590,-0.704444444444444
"267",62268,3.04469227790833,2590,-0.703333333333333
"268",62272,3.04469227790833,2530,-0.702222222222222
"269",62276,1.83529567718506,1480,-0.701111111111111
"270",62280,1.83529567718506,1510,-0.7
"271",62284,1.83529567718506,1510,-0.698888888888889
"272",62288,1.83529567718506,1510,-0.697777777777778
"273",62292,1.83529567718506,1510,-0.696666666666667
"274",62296,1.83529567718506,1510,-0.695555555555556
"275",62300,5.01719903945923,1510,-0.694444444444444
"276",62304,5.01719903945923,1510,-0.693333333333333
"277",62308,5.01719903945923,1510,-0.692222222222222
"278",62312,5.01719903945923,1540,-0.691111111111111
"279",62316,5.01719903945923,1540,-0.69
"280",62320,5.01719903945923,1540,-0.688888888888889
"281",62324,4.43419790267944,1570,-0.687777777777778
"282",62328,4.43419790267944,1570,-0.686666666666667
"283",62332,4.43419790267944,1570,-0.685555555555556
"284",62336,4.43419790267944,1570,-0.684444444444444
"285",62340,4.43419790267944,1570,-0.683333333333333
"286",62344,4.43419790267944,1600,-0.682222222222222
"287",62348,NA,1600,-0.681111111111111
"288",62352,NA,1600,-0.68
"289",62356,NA,1600,-0.678888888888889
"290",62360,NA,1600,-0.677777777777778
"291",62364,NA,1630,-0.676666666666667
"292",62368,NA,1630,-0.675555555555556
"293",62372,2.29188251495361,1660,-0.674444444444444
"294",62376,2.29188251495361,1690,-0.673333333333333
"295",62380,2.29188251495361,1720,-0.672222222222222
"296",62384,2.29188251495361,1780,-0.671111111111111
"297",62388,2.29188251495361,1810,-0.67
"298",62392,2.29188251495361,1870,-0.668888888888889
"299",62396,2.29188251495361,1900,-0.667777777777778
"300",62400,12.7277231216431,1930,-0.666666666666667
"301",62404,12.7277231216431,1990,-0.665555555555556
"302",62408,12.7277231216431,2050,-0.664444444444444
"303",62412,12.7277231216431,2080,-0.663333333333333
"304",62416,12.7277231216431,2140,-0.662222222222222
"305",62420,12.7277231216431,2290,-0.661111111111111
"306",62424,16.9187469482422,2380,-0.66
"307",62428,16.9187469482422,2410,-0.658888888888889
"308",62432,16.9187469482422,2470,-0.657777777777778
"309",62436,16.9187469482422,2470,-0.656666666666667
"310",62440,16.9187469482422,2470,-0.655555555555556
"311",62444,16.9187469482422,2470,-0.654444444444444
"312",62448,33.7131385803223,2470,-0.653333333333333
"313",62452,33.7131385803223,2440,-0.652222222222222
"314",62456,33.7131385803223,2440,-0.651111111111111
"315",62460,33.7131385803223,2440,-0.65
"316",62464,33.7131385803223,2440,-0.648888888888889
"317",62468,33.7131385803223,2470,-0.647777777777778
"318",62472,32.6757736206055,2470,-0.646666666666667
"319",62476,32.6757736206055,2500,-0.645555555555556
"320",62480,32.6757736206055,2500,-0.644444444444444
"321",62484,32.6757736206055,2470,-0.643333333333333
"322",62488,32.6757736206055,2470,-0.642222222222222
"323",62492,32.6757736206055,2470,-0.641111111111111
"324",62496,13.8039779663086,2470,-0.64
"325",62500,13.8039779663086,2500,-0.638888888888889
"326",62504,13.8039779663086,2500,-0.637777777777778
"327",62508,13.8039779663086,2500,-0.636666666666667
"328",62512,13.8039779663086,2530,-0.635555555555556
"329",62516,13.8039779663086,2530,-0.634444444444444
"330",62520,13.8039779663086,2530,-0.633333333333333
"331",62524,20.0768432617188,2500,-0.632222222222222
"332",62528,20.0768432617188,2500,-0.631111111111111
"333",62532,20.0768432617188,2470,-0.63
"334",62536,20.0768432617188,2470,-0.628888888888889
"335",62540,20.0768432617188,2440,-0.627777777777778
"336",62544,20.0768432617188,2440,-0.626666666666667
"337",62548,11.317193031311,2440,-0.625555555555556
"338",62552,11.317193031311,2440,-0.624444444444444
"339",62556,11.317193031311,2440,-0.623333333333333
"340",62560,11.317193031311,2440,-0.622222222222222
"341",62564,11.317193031311,2470,-0.621111111111111
"342",62568,11.317193031311,2470,-0.62
"343",62572,11.3738260269165,2500,-0.618888888888889
"344",62576,11.3738260269165,2500,-0.617777777777778
"345",62580,11.3738260269165,2500,-0.616666666666667
"346",62584,11.3738260269165,2500,-0.615555555555556
"347",62588,11.3738260269165,2530,-0.614444444444444
"348",62592,11.3738260269165,2530,-0.613333333333333
"349",62596,4.36724233627319,2530,-0.612222222222222
"350",62600,4.36724233627319,2530,-0.611111111111111
"351",62604,4.36724233627319,2980,-0.61
"352",62608,4.36724233627319,2980,-0.608888888888889
"353",62612,4.36724233627319,2980,-0.607777777777778
"354",62616,4.36724233627319,2980,-0.606666666666667
"355",62620,6.75157976150513,2980,-0.605555555555556
"356",62624,6.75157976150513,2980,-0.604444444444444
"357",62628,6.75157976150513,2980,-0.603333333333333
"358",62632,6.75157976150513,2980,-0.602222222222222
"359",62636,6.75157976150513,2980,-0.601111111111111
"360",62640,6.75157976150513,2980,-0.6
"361",62644,6.75157976150513,2980,-0.598888888888889
"362",62648,6.75157976150513,2980,-0.597777777777778
"363",62652,6.75157976150513,2980,-0.596666666666667
"364",62656,19.1417675018311,2980,-0.595555555555556
"365",62660,19.1417675018311,2980,-0.594444444444444
"366",62664,19.1417675018311,2980,-0.593333333333333
"367",62668,19.1417675018311,3010,-0.592222222222222
"368",62672,19.1417675018311,3010,-0.591111111111111
"369",62676,19.1417675018311,3010,-0.59
"370",62680,19.1417675018311,3010,-0.588888888888889
"371",62684,19.1417675018311,3010,-0.587777777777778
"372",62688,19.1417675018311,3010,-0.586666666666667
"373",62692,19.1417675018311,3010,-0.585555555555556
"374",62696,19.1983451843262,3040,-0.584444444444444
"375",62700,19.1983451843262,3040,-0.583333333333333
"376",62704,19.1983451843262,3070,-0.582222222222222
"377",62708,19.1983451843262,3070,-0.581111111111111
"378",62712,19.1983451843262,3070,-0.58
"379",62716,19.1983451843262,3100,-0.578888888888889
"380",62720,9.18320465087891,3100,-0.577777777777778
"381",62724,9.18320465087891,3070,-0.576666666666667
"382",62728,9.18320465087891,3070,-0.575555555555556
"383",62732,9.18320465087891,3070,-0.574444444444444
"384",62736,9.18320465087891,3070,-0.573333333333333
"385",62740,9.18320465087891,3070,-0.572222222222222
"386",62744,9.18320465087891,3070,-0.571111111111111
"387",62748,9.18320465087891,3070,-0.57
"388",62752,9.18320465087891,3070,-0.568888888888889
"389",62756,8.455979347229,3070,-0.567777777777778
"390",62760,8.455979347229,3070,-0.566666666666667
"391",62764,8.455979347229,3100,-0.565555555555556
"392",62768,8.455979347229,3130,-0.564444444444444
"393",62772,8.455979347229,3220,-0.563333333333333
"394",62776,8.455979347229,3280,-0.562222222222222
"395",62780,8.455979347229,3310,-0.561111111111111
"396",62784,8.455979347229,3340,-0.56
"397",62788,8.455979347229,3340,-0.558888888888889
"398",62792,8.455979347229,3310,-0.557777777777778
"399",62796,11.0686817169189,3250,-0.556666666666667
"400",62800,11.0686817169189,3100,-0.555555555555556
"401",62804,11.0686817169189,3070,-0.554444444444444
"402",62808,11.0686817169189,3070,-0.553333333333333
"403",62812,11.0686817169189,3070,-0.552222222222222
"404",62816,11.0686817169189,3130,-0.551111111111111
"405",62820,15.5617942810059,3190,-0.55
"406",62824,15.5617942810059,3190,-0.548888888888889
"407",62828,15.5617942810059,3220,-0.547777777777778
"408",62832,15.5617942810059,3250,-0.546666666666667
"409",62836,15.5617942810059,3250,-0.545555555555556
"410",62840,15.5617942810059,3280,-0.544444444444444
"411",62844,18.372106552124,3310,-0.543333333333333
"412",62848,18.372106552124,3310,-0.542222222222222
"413",62852,18.372106552124,3340,-0.541111111111111
"414",62856,18.372106552124,3340,-0.54
"415",62860,18.372106552124,3340,-0.538888888888889
"416",62864,18.372106552124,3340,-0.537777777777778
"417",62868,23.1867389678955,3340,-0.536666666666667
"418",62872,23.1867389678955,3310,-0.535555555555556
"419",62876,23.1867389678955,3310,-0.534444444444444
"420",62880,23.1867389678955,3310,-0.533333333333333
"421",62884,23.1867389678955,3310,-0.532222222222222
"422",62888,23.1867389678955,3340,-0.531111111111111
"423",62892,23.1867389678955,3340,-0.53
"424",62896,19.0483207702637,3370,-0.528888888888889
"425",62900,19.0483207702637,3370,-0.527777777777778
"426",62904,19.0483207702637,3400,-0.526666666666667
"427",62908,19.0483207702637,3400,-0.525555555555556
"428",62912,19.0483207702637,3400,-0.524444444444444
"429",62916,19.0483207702637,3400,-0.523333333333333
"430",62920,21.9392375946045,3400,-0.522222222222222
"431",62924,21.9392375946045,3370,-0.521111111111111
"432",62928,21.9392375946045,3370,-0.52
"433",62932,21.9392375946045,3370,-0.518888888888889
"434",62936,21.9392375946045,3340,-0.517777777777778
"435",62940,21.9392375946045,3340,-0.516666666666667
"436",62944,85.8958435058594,3340,-0.515555555555556
"437",62948,85.8958435058594,3340,-0.514444444444444
"438",62952,85.8958435058594,3340,-0.513333333333333
"439",62956,85.8958435058594,3340,-0.512222222222222
"440",62960,85.8958435058594,3340,-0.511111111111111
"441",62964,85.8958435058594,3340,-0.51
"442",62968,63.4710845947266,3340,-0.508888888888889
"443",62972,63.4710845947266,3340,-0.507777777777778
"444",62976,63.4710845947266,3310,-0.506666666666667
"445",62980,63.4710845947266,3310,-0.505555555555556
"446",62984,63.4710845947266,3280,-0.504444444444444
"447",62988,63.4710845947266,3280,-0.503333333333333
"448",62992,63.4710845947266,3250,-0.502222222222222
"449",62996,45.5594444274902,3220,-0.501111111111111
"450",63000,45.5594444274902,3190,-0.5
"451",63004,45.5594444274902,3160,-0.498888888888889
"452",63008,45.5594444274902,3130,-0.497777777777778
"453",63012,45.5594444274902,3100,-0.496666666666667
"454",63016,45.5594444274902,3100,-0.495555555555556
"455",63020,45.5594444274902,3100,-0.494444444444444
"456",63024,45.5594444274902,3070,-0.493333333333333
"457",63028,45.5594444274902,3070,-0.492222222222222
"458",63032,45.5594444274902,3070,-0.491111111111111
"459",63036,11.8924503326416,3070,-0.49
"460",63040,11.8924503326416,3040,-0.488888888888889
"461",63044,11.8924503326416,3010,-0.487777777777778
"462",63048,11.8924503326416,2980,-0.486666666666667
"463",63052,11.8924503326416,2950,-0.485555555555556
"464",63056,11.8924503326416,2950,-0.484444444444444
"465",63060,11.8924503326416,2920,-0.483333333333333
"466",63064,11.8924503326416,2920,-0.482222222222222
"467",63068,11.282283782959,2920,-0.481111111111111
"468",63072,11.282283782959,2920,-0.48
"469",63076,11.282283782959,2890,-0.478888888888889
"470",63080,11.282283782959,2890,-0.477777777777778
"471",63084,11.282283782959,2890,-0.476666666666667
"472",63088,11.282283782959,2890,-0.475555555555556
"473",63092,9.82683181762695,2890,-0.474444444444444
"474",63096,9.82683181762695,2890,-0.473333333333333
"475",63100,9.82683181762695,2860,-0.472222222222222
"476",63104,9.82683181762695,2860,-0.471111111111111
"477",63108,9.82683181762695,2860,-0.47
"478",63112,9.82683181762695,2860,-0.468888888888889
"479",63116,17.3267574310303,2860,-0.467777777777778
"480",63120,17.3267574310303,2860,-0.466666666666667
"481",63124,17.3267574310303,2890,-0.465555555555556
"482",63128,17.3267574310303,2890,-0.464444444444444
"483",63132,17.3267574310303,2860,-0.463333333333333
"484",63136,17.3267574310303,2860,-0.462222222222222
"485",63140,17.3267574310303,2860,-0.461111111111111
"486",63144,15.7837648391724,2860,-0.46
"487",63148,15.7837648391724,2830,-0.458888888888889
"488",63152,15.7837648391724,2830,-0.457777777777778
"489",63156,15.7837648391724,2830,-0.456666666666667
"490",63160,15.7837648391724,2830,-0.455555555555556
"491",63164,15.7837648391724,2830,-0.454444444444444
"492",63168,8.5292854309082,2800,-0.453333333333333
"493",63172,8.5292854309082,2800,-0.452222222222222
"494",63176,8.5292854309082,2770,-0.451111111111111
"495",63180,8.5292854309082,2770,-0.45
"496",63184,8.5292854309082,2770,-0.448888888888889
"497",63188,8.5292854309082,2770,-0.447777777777778
"498",63192,7.97630023956299,2770,-0.446666666666667
"499",63196,7.97630023956299,2770,-0.445555555555556
"500",63200,7.97630023956299,2770,-0.444444444444444
"501",63204,7.97630023956299,2770,-0.443333333333333
"502",63208,7.97630023956299,2770,-0.442222222222222
"503",63212,7.97630023956299,2740,-0.441111111111111
"504",63216,8.04625797271729,2740,-0.44
"505",63220,8.04625797271729,2740,-0.438888888888889
"506",63224,8.04625797271729,2740,-0.437777777777778
"507",63228,8.04625797271729,2710,-0.436666666666667
"508",63232,8.04625797271729,2710,-0.435555555555556
"509",63236,8.04625797271729,2710,-0.434444444444444
"510",63240,8.04625797271729,2680,-0.433333333333333
"511",63244,2.31027102470398,2650,-0.432222222222222
"512",63248,2.31027102470398,1360,-0.431111111111111
"513",63252,2.31027102470398,1330,-0.43
"514",63256,2.31027102470398,1300,-0.428888888888889
"515",63260,2.31027102470398,1300,-0.427777777777778
"516",63264,2.31027102470398,1300,-0.426666666666667
"517",63268,3.43231129646301,1300,-0.425555555555556
"518",63272,3.43231129646301,1300,-0.424444444444444
"519",63276,3.43231129646301,1300,-0.423333333333333
"520",63280,3.43231129646301,1300,-0.422222222222222
"521",63284,3.43231129646301,1330,-0.421111111111111
"522",63288,3.43231129646301,1330,-0.42
"523",63292,9.8844804763794,1330,-0.418888888888889
"524",63296,9.8844804763794,1330,-0.417777777777778
"525",63300,9.8844804763794,1330,-0.416666666666667
"526",63304,9.8844804763794,1300,-0.415555555555556
"527",63308,9.8844804763794,1300,-0.414444444444444
"528",63312,9.8844804763794,1300,-0.413333333333333
"529",63316,8.91106796264648,1270,-0.412222222222222
"530",63320,8.91106796264648,1270,-0.411111111111111
"531",63324,8.91106796264648,1270,-0.41
"532",63328,8.91106796264648,1240,-0.408888888888889
"533",63332,8.91106796264648,1210,-0.407777777777778
"534",63336,8.91106796264648,790,-0.406666666666667
"535",63340,17.9653472900391,790,-0.405555555555556
"536",63344,17.9653472900391,790,-0.404444444444444
"537",63348,17.9653472900391,790,-0.403333333333333
"538",63352,17.9653472900391,790,-0.402222222222222
"539",63356,17.9653472900391,790,-0.401111111111111
"540",63360,17.9653472900391,790,-0.4
"541",63364,13.3182725906372,790,-0.398888888888889
"542",63368,13.3182725906372,790,-0.397777777777778
"543",63372,13.3182725906372,790,-0.396666666666667
"544",63376,13.3182725906372,790,-0.395555555555556
"545",63380,13.3182725906372,820,-0.394444444444444
"546",63384,13.3182725906372,820,-0.393333333333333
"547",63388,13.3182725906372,820,-0.392222222222222
"548",63392,12.9318065643311,820,-0.391111111111111
"549",63396,12.9318065643311,850,-0.39
"550",63400,12.9318065643311,850,-0.388888888888889
"551",63404,12.9318065643311,850,-0.387777777777778
"552",63408,12.9318065643311,850,-0.386666666666667
"553",63412,12.9318065643311,880,-0.385555555555556
"554",63416,18.3419513702393,880,-0.384444444444444
"555",63420,18.3419513702393,880,-0.383333333333333
"556",63424,18.3419513702393,880,-0.382222222222222
"557",63428,18.3419513702393,850,-0.381111111111111
"558",63432,18.3419513702393,850,-0.38
"559",63436,18.3419513702393,820,-0.378888888888889
"560",63440,18.2890148162842,820,-0.377777777777778
"561",63444,18.2890148162842,790,-0.376666666666667
"562",63448,18.2890148162842,790,-0.375555555555556
"563",63452,18.2890148162842,790,-0.374444444444444
"564",63456,18.2890148162842,790,-0.373333333333333
"565",63460,18.2890148162842,790,-0.372222222222222
"566",63464,10.8671407699585,790,-0.371111111111111
"567",63468,10.8671407699585,820,-0.37
"568",63472,10.8671407699585,820,-0.368888888888889
"569",63476,10.8671407699585,820,-0.367777777777778
"570",63480,10.8671407699585,850,-0.366666666666667
"571",63484,10.8671407699585,850,-0.365555555555556
"572",63488,10.894326210022,850,-0.364444444444444
"573",63492,10.894326210022,880,-0.363333333333333
"574",63496,10.894326210022,880,-0.362222222222222
"575",63500,10.894326210022,880,-0.361111111111111
"576",63504,10.894326210022,850,-0.36
"577",63508,10.894326210022,850,-0.358888888888889
"578",63512,8.3423023223877,820,-0.357777777777778
"579",63516,8.3423023223877,790,-0.356666666666667
"580",63520,8.3423023223877,580,-0.355555555555556
"581",63524,8.3423023223877,550,-0.354444444444444
"582",63528,8.3423023223877,550,-0.353333333333333
"583",63532,8.3423023223877,490,-0.352222222222222
"584",63536,8.3423023223877,460,-0.351111111111111
"585",63540,8.3423023223877,460,-0.35
"586",63544,8.3423023223877,430,-0.348888888888889
"587",63548,11.227710723877,430,-0.347777777777778
"588",63552,11.227710723877,430,-0.346666666666667
"589",63556,11.227710723877,430,-0.345555555555556
"590",63560,11.227710723877,460,-0.344444444444444
"591",63564,11.227710723877,490,-0.343333333333333
"592",63568,11.227710723877,550,-0.342222222222222
"593",63572,11.227710723877,610,-0.341111111111111
"594",63576,11.227710723877,640,-0.34
"595",63580,11.227710723877,700,-0.338888888888889
"596",63584,11.227710723877,730,-0.337777777777778
"597",63588,6.27265548706055,760,-0.336666666666667
"598",63592,6.27265548706055,760,-0.335555555555556
"599",63596,6.27265548706055,760,-0.334444444444444
"600",63600,6.27265548706055,730,-0.333333333333333
"601",63604,6.27265548706055,730,-0.332222222222222
"602",63608,6.27265548706055,700,-0.331111111111111
"603",63612,22.7415142059326,700,-0.33
"604",63616,22.7415142059326,670,-0.328888888888889
"605",63620,22.7415142059326,670,-0.327777777777778
"606",63624,22.7415142059326,1000,-0.326666666666667
"607",63628,22.7415142059326,1000,-0.325555555555556
"608",63632,22.7415142059326,700,-0.324444444444444
"609",63636,22.7415142059326,700,-0.323333333333333
"610",63640,13.8837108612061,730,-0.322222222222222
"611",63644,13.8837108612061,760,-0.321111111111111
"612",63648,13.8837108612061,760,-0.32
"613",63652,13.8837108612061,760,-0.318888888888889
"614",63656,13.8837108612061,760,-0.317777777777778
"615",63660,13.8837108612061,760,-0.316666666666667
"616",63664,7.49518156051636,760,-0.315555555555556
"617",63668,7.49518156051636,730,-0.314444444444444
"618",63672,7.49518156051636,700,-0.313333333333333
"619",63676,7.49518156051636,700,-0.312222222222222
"620",63680,7.49518156051636,670,-0.311111111111111
"621",63684,7.49518156051636,670,-0.31
"622",63688,7.05551052093506,670,-0.308888888888889
"623",63692,7.05551052093506,670,-0.307777777777778
"624",63696,7.05551052093506,670,-0.306666666666667
"625",63700,7.05551052093506,670,-0.305555555555556
"626",63704,7.05551052093506,670,-0.304444444444444
"627",63708,7.05551052093506,670,-0.303333333333333
"628",63712,10.3902654647827,670,-0.302222222222222
"629",63716,10.3902654647827,670,-0.301111111111111
"630",63720,10.3902654647827,670,-0.3
"631",63724,10.3902654647827,670,-0.298888888888889
"632",63728,10.3902654647827,670,-0.297777777777778
"633",63732,10.3902654647827,670,-0.296666666666667
"634",63736,13.1648454666138,670,-0.295555555555556
"635",63740,13.1648454666138,670,-0.294444444444444
"636",63744,13.1648454666138,670,-0.293333333333333
"637",63748,13.1648454666138,670,-0.292222222222222
"638",63752,13.1648454666138,670,-0.291111111111111
"639",63756,13.1648454666138,640,-0.29
"640",63760,6.86505365371704,640,-0.288888888888889
"641",63764,6.86505365371704,640,-0.287777777777778
"642",63768,6.86505365371704,610,-0.286666666666667
"643",63772,6.86505365371704,610,-0.285555555555556
"644",63776,6.86505365371704,580,-0.284444444444444
"645",63780,6.86505365371704,580,-0.283333333333333
"646",63784,6.86505365371704,550,-0.282222222222222
"647",63788,6.45919322967529,520,-0.281111111111111
"648",63792,6.45919322967529,520,-0.28
"649",63796,6.45919322967529,490,-0.278888888888889
"650",63800,6.45919322967529,490,-0.277777777777778
"651",63804,6.45919322967529,490,-0.276666666666667
"652",63808,6.45919322967529,490,-0.275555555555556
"653",63812,9.92453098297119,490,-0.274444444444444
"654",63816,9.92453098297119,820,-0.273333333333333
"655",63820,9.92453098297119,850,-0.272222222222222
"656",63824,9.92453098297119,850,-0.271111111111111
"657",63828,9.92453098297119,820,-0.27
"658",63832,9.92453098297119,370,-0.268888888888889
"659",63836,5.36230516433716,370,-0.267777777777778
"660",63840,5.36230516433716,340,-0.266666666666667
"661",63844,5.36230516433716,310,-0.265555555555556
"662",63848,5.36230516433716,280,-0.264444444444444
"663",63852,5.36230516433716,280,-0.263333333333333
"664",63856,5.36230516433716,250,-0.262222222222222
"665",63860,15.2680253982544,250,-0.261111111111111
"666",63864,15.2680253982544,250,-0.26
"667",63868,15.2680253982544,670,-0.258888888888889
"668",63872,15.2680253982544,670,-0.257777777777778
"669",63876,15.2680253982544,640,-0.256666666666667
"670",63880,15.2680253982544,610,-0.255555555555556
"671",63884,10.1915006637573,610,-0.254444444444444
"672",63888,10.1915006637573,610,-0.253333333333333
"673",63892,10.1915006637573,610,-0.252222222222222
"674",63896,10.1915006637573,610,-0.251111111111111
"675",63900,10.1915006637573,610,-0.25
"676",63904,10.1915006637573,610,-0.248888888888889
"677",63908,10.1915006637573,610,-0.247777777777778
"678",63912,16.9976005554199,610,-0.246666666666667
"679",63916,16.9976005554199,610,-0.245555555555556
"680",63920,16.9976005554199,610,-0.244444444444444
"681",63924,16.9976005554199,610,-0.243333333333333
"682",63928,16.9976005554199,640,-0.242222222222222
"683",63932,16.9976005554199,640,-0.241111111111111
"684",63936,49.5275802612305,640,-0.24
"685",63940,49.5275802612305,670,-0.238888888888889
"686",63944,49.5275802612305,700,-0.237777777777778
"687",63948,49.5275802612305,730,-0.236666666666667
"688",63952,49.5275802612305,760,-0.235555555555556
"689",63956,49.5275802612305,760,-0.234444444444444
"690",63960,59.3415374755859,790,-0.233333333333333
"691",63964,59.3415374755859,760,-0.232222222222222
"692",63968,59.3415374755859,730,-0.231111111111111
"693",63972,59.3415374755859,670,-0.23
"694",63976,59.3415374755859,640,-0.228888888888889
"695",63980,59.3415374755859,610,-0.227777777777778
"696",63984,8.19326400756836,580,-0.226666666666667
"697",63988,8.19326400756836,520,-0.225555555555556
"698",63992,8.19326400756836,700,-0.224444444444444
"699",63996,8.19326400756836,730,-0.223333333333333
"700",64000,8.19326400756836,760,-0.222222222222222
"701",64004,8.19326400756836,760,-0.221111111111111
"702",64008,8.19326400756836,730,-0.22
"703",64012,8.19326400756836,700,-0.218888888888889
"704",64016,8.19326400756836,670,-0.217777777777778
"705",64020,8.19326400756836,1360,-0.216666666666667
"706",64024,290.158142089844,1450,-0.215555555555556
"707",64028,290.158142089844,1810,-0.214444444444444
"708",64032,290.158142089844,1840,-0.213333333333333
"709",64036,290.158142089844,1870,-0.212222222222222
"710",64040,290.158142089844,1870,-0.211111111111111
"711",64044,290.158142089844,1900,-0.21
"712",64048,290.158142089844,1900,-0.208888888888889
"713",64052,290.158142089844,1900,-0.207777777777778
"714",64056,290.158142089844,1930,-0.206666666666667
"715",64060,293.471313476562,1930,-0.205555555555556
"716",64064,293.471313476562,1960,-0.204444444444444
"717",64068,293.471313476562,1990,-0.203333333333333
"718",64072,293.471313476562,1990,-0.202222222222222
"719",64076,293.471313476562,1990,-0.201111111111111
"720",64080,293.471313476562,2020,-0.2
"721",64084,1102.77612304688,2020,-0.198888888888889
"722",64088,1102.77612304688,2050,-0.197777777777778
"723",64092,1102.77612304688,2080,-0.196666666666667
"724",64096,1102.77612304688,2110,-0.195555555555556
"725",64100,1102.77612304688,2140,-0.194444444444444
"726",64104,1102.77612304688,2170,-0.193333333333333
"727",64108,1321.34814453125,2170,-0.192222222222222
"728",64112,1321.34814453125,2170,-0.191111111111111
"729",64116,1321.34814453125,2170,-0.19
"730",64120,1321.34814453125,2170,-0.188888888888889
"731",64124,1321.34814453125,2140,-0.187777777777778
"732",64128,1321.34814453125,2140,-0.186666666666667
"733",64132,1054.29040527344,2110,-0.185555555555556
"734",64136,1054.29040527344,2110,-0.184444444444444
"735",64140,1054.29040527344,3250,-0.183333333333333
"736",64144,1054.29040527344,3250,-0.182222222222222
"737",64148,1054.29040527344,3250,-0.181111111111111
"738",64152,1054.29040527344,3250,-0.18
"739",64156,799.522705078125,3250,-0.178888888888889
"740",64160,799.522705078125,3250,-0.177777777777778
"741",64164,799.522705078125,3280,-0.176666666666667
"742",64168,799.522705078125,3280,-0.175555555555556
"743",64172,799.522705078125,3310,-0.174444444444444
"744",64176,799.522705078125,3310,-0.173333333333333
"745",64180,799.522705078125,3310,-0.172222222222222
"746",64184,262.307586669922,3310,-0.171111111111111
"747",64188,262.307586669922,3310,-0.17
"748",64192,262.307586669922,3280,-0.168888888888889
"749",64196,262.307586669922,3280,-0.167777777777778
"750",64200,262.307586669922,3280,-0.166666666666667
"751",64204,262.307586669922,3250,-0.165555555555556
"752",64208,52.0656242370605,3250,-0.164444444444444
"753",64212,52.0656242370605,3250,-0.163333333333333
"754",64216,52.0656242370605,3250,-0.162222222222222
"755",64220,52.0656242370605,3280,-0.161111111111111
"756",64224,52.0656242370605,3280,-0.16
"757",64228,52.0656242370605,3280,-0.158888888888889
"758",64232,80.9020385742188,3280,-0.157777777777778
"759",64236,80.9020385742188,3280,-0.156666666666667
"760",64240,80.9020385742188,3280,-0.155555555555556
"761",64244,80.9020385742188,3280,-0.154444444444444
"762",64248,80.9020385742188,3310,-0.153333333333333
"763",64252,80.9020385742188,3310,-0.152222222222222
"764",64256,163.932479858398,3280,-0.151111111111111
"765",64260,163.932479858398,3280,-0.15
"766",64264,163.932479858398,3280,-0.148888888888889
"767",64268,163.932479858398,3250,-0.147777777777778
"768",64272,163.932479858398,3250,-0.146666666666667
"769",64276,163.932479858398,3250,-0.145555555555556
"770",64280,106.77855682373,3250,-0.144444444444444
"771",64284,106.77855682373,3280,-0.143333333333333
"772",64288,106.77855682373,3280,-0.142222222222222
"773",64292,106.77855682373,3280,-0.141111111111111
"774",64296,106.77855682373,3280,-0.14
"775",64300,106.77855682373,3280,-0.138888888888889
"776",64304,106.77855682373,3280,-0.137777777777778
"777",64308,131.223556518555,3280,-0.136666666666667
"778",64312,131.223556518555,3250,-0.135555555555556
"779",64316,131.223556518555,3250,-0.134444444444444
"780",64320,131.223556518555,3250,-0.133333333333333
"781",64324,131.223556518555,3280,-0.132222222222222
"782",64328,131.223556518555,3280,-0.131111111111111
"783",64332,84.4553298950195,3280,-0.13
"784",64336,84.4553298950195,3310,-0.128888888888889
"785",64340,84.4553298950195,3310,-0.127777777777778
"786",64344,84.4553298950195,3310,-0.126666666666667
"787",64348,84.4553298950195,3310,-0.125555555555556
"788",64352,84.4553298950195,3310,-0.124444444444444
"789",64356,60.289436340332,3310,-0.123333333333333
"790",64360,60.289436340332,3310,-0.122222222222222
"791",64364,60.289436340332,3340,-0.121111111111111
"792",64368,60.289436340332,3340,-0.12
"793",64372,60.289436340332,3340,-0.118888888888889
"794",64376,60.289436340332,3340,-0.117777777777778
"795",64380,13.4144277572632,3340,-0.116666666666667
"796",64384,13.4144277572632,3340,-0.115555555555556
"797",64388,13.4144277572632,3340,-0.114444444444444
"798",64392,13.4144277572632,3370,-0.113333333333333
"799",64396,13.4144277572632,3370,-0.112222222222222
"800",64400,13.4144277572632,3370,-0.111111111111111
"801",64404,9.06075954437256,3370,-0.11
"802",64408,9.06075954437256,3370,-0.108888888888889
"803",64412,9.06075954437256,3370,-0.107777777777778
"804",64416,9.06075954437256,3370,-0.106666666666667
"805",64420,9.06075954437256,8740,-0.105555555555556
"806",64424,9.06075954437256,8770,-0.104444444444444
"807",64428,9.06075954437256,8800,-0.103333333333333
"808",64432,6.78176593780518,8800,-0.102222222222222
"809",64436,6.78176593780518,8800,-0.101111111111111
"810",64440,6.78176593780518,8800,-0.1
"811",64444,6.78176593780518,8800,-0.0988888888888889
"812",64448,6.78176593780518,8800,-0.0977777777777778
"813",64452,6.78176593780518,8830,-0.0966666666666667
"814",64456,5.85002183914185,8830,-0.0955555555555556
"815",64460,5.85002183914185,8830,-0.0944444444444444
"816",64464,5.85002183914185,8830,-0.0933333333333333
"817",64468,5.85002183914185,8830,-0.0922222222222222
"818",64472,5.85002183914185,8830,-0.0911111111111111
"819",64476,5.85002183914185,8860,-0.09
"820",64480,6.12438726425171,8860,-0.0888888888888889
"821",64484,6.12438726425171,8860,-0.0877777777777778
"822",64488,6.12438726425171,8890,-0.0866666666666667
"823",64492,6.12438726425171,8890,-0.0855555555555556
"824",64496,6.12438726425171,8890,-0.0844444444444444
"825",64500,6.12438726425171,8890,-0.0833333333333333
"826",64504,4.5246434211731,8890,-0.0822222222222222
"827",64508,4.5246434211731,8890,-0.0811111111111111
"828",64512,4.5246434211731,8890,-0.08
"829",64516,4.5246434211731,8890,-0.0788888888888889
"830",64520,4.5246434211731,8890,-0.0777777777777778
"831",64524,4.5246434211731,8890,-0.0766666666666667
"832",64528,8.00113773345947,8890,-0.0755555555555556
"833",64532,8.00113773345947,8890,-0.0744444444444444
"834",64536,8.00113773345947,8890,-0.0733333333333333
"835",64540,8.00113773345947,8890,-0.0722222222222222
"836",64544,8.00113773345947,8890,-0.0711111111111111
"837",64548,8.00113773345947,8890,-0.07
"838",64552,8.00113773345947,8890,-0.0688888888888889
"839",64556,16.0247573852539,8890,-0.0677777777777778
"840",64560,16.0247573852539,8890,-0.0666666666666667
"841",64564,16.0247573852539,8890,-0.0655555555555556
"842",64568,16.0247573852539,8890,-0.0644444444444444
"843",64572,16.0247573852539,8890,-0.0633333333333333
"844",64576,16.0247573852539,8890,-0.0622222222222222
"845",64580,6.99849367141724,8890,-0.0611111111111111
"846",64584,6.99849367141724,8890,-0.06
"847",64588,6.99849367141724,8890,-0.0588888888888889
"848",64592,6.99849367141724,8890,-0.0577777777777778
"849",64596,6.99849367141724,8890,-0.0566666666666667
"850",64600,6.99849367141724,8890,-0.0555555555555556
"851",64604,6.67522192001343,8890,-0.0544444444444444
"852",64608,6.67522192001343,8890,-0.0533333333333333
"853",64612,6.67522192001343,8890,-0.0522222222222222
"854",64616,6.67522192001343,8890,-0.0511111111111111
"855",64620,6.67522192001343,8890,-0.05
"856",64624,6.67522192001343,8890,-0.0488888888888889
"857",64628,7.85263729095459,8890,-0.0477777777777778
"858",64632,7.85263729095459,8920,-0.0466666666666667
"859",64636,7.85263729095459,8920,-0.0455555555555556
"860",64640,7.85263729095459,8920,-0.0444444444444444
"861",64644,7.85263729095459,8920,-0.0433333333333333
"862",64648,7.85263729095459,8920,-0.0422222222222222
"863",64652,10.6368350982666,8920,-0.0411111111111111
"864",64656,10.6368350982666,8920,-0.04
"865",64660,10.6368350982666,8920,-0.0388888888888889
"866",64664,10.6368350982666,8920,-0.0377777777777778
"867",64668,10.6368350982666,8920,-0.0366666666666667
"868",64672,10.6368350982666,8920,-0.0355555555555556
"869",64676,10.6368350982666,8920,-0.0344444444444444
"870",64680,6.92151403427124,8920,-0.0333333333333333
"871",64684,6.92151403427124,8920,-0.0322222222222222
"872",64688,6.92151403427124,8920,-0.0311111111111111
"873",64692,6.92151403427124,8920,-0.03
"874",64696,6.92151403427124,8920,-0.0288888888888889
"875",64700,6.92151403427124,8920,-0.0277777777777778
"876",64704,8.05010604858398,8920,-0.0266666666666667
"877",64708,8.05010604858398,8920,-0.0255555555555556
"878",64712,8.05010604858398,8890,-0.0244444444444444
"879",64716,8.05010604858398,8860,-0.0233333333333333
"880",64720,8.05010604858398,3250,-0.0222222222222222
"881",64724,8.05010604858398,3250,-0.0211111111111111
"882",64728,6.85128307342529,3250,-0.02
"883",64732,6.85128307342529,3250,-0.0188888888888889
"884",64736,6.85128307342529,3250,-0.0177777777777778
"885",64740,6.85128307342529,3250,-0.0166666666666667
"886",64744,6.85128307342529,3250,-0.0155555555555556
"887",64748,6.85128307342529,3250,-0.0144444444444444
"888",64752,8.95375919342041,3250,-0.0133333333333333
"889",64756,8.95375919342041,3250,-0.0122222222222222
"890",64760,8.95375919342041,3250,-0.0111111111111111
"891",64764,8.95375919342041,3250,-0.01
"892",64768,8.95375919342041,3250,-0.00888888888888889
"893",64772,8.95375919342041,3250,-0.00777777777777778
"894",64776,103.504234313965,3250,-0.00666666666666667
"895",64780,103.504234313965,3250,-0.00555555555555556
"896",64784,103.504234313965,3250,-0.00444444444444444
"897",64788,103.504234313965,3250,-0.00333333333333333
"898",64792,103.504234313965,3250,-0.00222222222222222
"899",64796,103.504234313965,3250,-0.00111111111111111
"900",64800,58.0459899902344,3250,0
"901",64804,58.0459899902344,3250,0.00111111111111111
"902",64808,58.0459899902344,3250,0.00222222222222222
"903",64812,58.0459899902344,3250,0.00333333333333333
"904",64816,58.0459899902344,3250,0.00444444444444444
"905",64820,58.0459899902344,3250,0.00555555555555556
"906",64824,58.0459899902344,3250,0.00666666666666667
"907",64828,58.6412544250488,3250,0.00777777777777778
"908",64832,58.6412544250488,3250,0.00888888888888889
"909",64836,58.6412544250488,3250,0.01
"910",64840,58.6412544250488,3250,0.0111111111111111
"911",64844,58.6412544250488,3250,0.0122222222222222
"912",64848,58.6412544250488,3250,0.0133333333333333
"913",64852,58.6412544250488,3250,0.0144444444444444
"914",64856,57.301399230957,3250,0.0155555555555556
"915",64860,57.301399230957,3250,0.0166666666666667
"916",64864,57.301399230957,3250,0.0177777777777778
"917",64868,57.301399230957,3250,0.0188888888888889
"918",64872,57.301399230957,3250,0.02
"919",64876,57.301399230957,3250,0.0211111111111111
"920",64880,57.301399230957,3250,0.0222222222222222
"921",64884,8.76687812805176,3250,0.0233333333333333
"922",64888,8.76687812805176,3250,0.0244444444444444
"923",64892,8.76687812805176,3250,0.0255555555555556
"924",64896,8.76687812805176,3250,0.0266666666666667
"925",64900,8.76687812805176,3250,0.0277777777777778
"926",64904,8.76687812805176,3250,0.0288888888888889
"927",64908,14.4115600585938,3250,0.03
"928",64912,14.4115600585938,3250,0.0311111111111111
"929",64916,14.4115600585938,3250,0.0322222222222222
"930",64920,14.4115600585938,3250,0.0333333333333333
"931",64924,14.4115600585938,3250,0.0344444444444444
"932",64928,14.4115600585938,3250,0.0355555555555556
"933",64932,20.2084693908691,3250,0.0366666666666667
"934",64936,20.2084693908691,3250,0.0377777777777778
"935",64940,20.2084693908691,3250,0.0388888888888889
"936",64944,20.2084693908691,3250,0.04
"937",64948,20.2084693908691,3250,0.0411111111111111
"938",64952,20.2084693908691,3250,0.0422222222222222
"939",64956,14.5352334976196,3250,0.0433333333333333
"940",64960,14.5352334976196,3250,0.0444444444444444
"941",64964,14.5352334976196,3250,0.0455555555555556
"942",64968,14.5352334976196,3250,0.0466666666666667
"943",64972,14.5352334976196,3250,0.0477777777777778
"944",64976,14.5352334976196,3250,0.0488888888888889
"945",64980,14.5352334976196,3250,0.05
"946",64984,26.3845767974854,3220,0.0511111111111111
"947",64988,26.3845767974854,3220,0.0522222222222222
"948",64992,26.3845767974854,3220,0.0533333333333333
"949",64996,26.3845767974854,3220,0.0544444444444444
"950",65000,26.3845767974854,3220,0.0555555555555556
"951",65004,26.3845767974854,3220,0.0566666666666667
"952",65008,17.6204776763916,3220,0.0577777777777778
"953",65012,17.6204776763916,3220,0.0588888888888889
"954",65016,17.6204776763916,3220,0.06
"955",65020,17.6204776763916,3220,0.0611111111111111
"956",65024,17.6204776763916,3220,0.0622222222222222
"957",65028,17.6204776763916,3220,0.0633333333333333
"958",65032,20.7894096374512,3220,0.0644444444444444
"959",65036,20.7894096374512,3220,0.0655555555555556
"960",65040,20.7894096374512,3220,0.0666666666666667
"961",65044,20.7894096374512,3220,0.0677777777777778
"962",65048,20.7894096374512,3220,0.0688888888888889
"963",65052,20.7894096374512,3220,0.07
"964",65056,18.613697052002,3220,0.0711111111111111
"965",65060,18.613697052002,3220,0.0722222222222222
"966",65064,18.613697052002,3220,0.0733333333333333
"967",65068,18.613697052002,3220,0.0744444444444444
"968",65072,18.613697052002,3220,0.0755555555555556
"969",65076,18.613697052002,3220,0.0766666666666667
"970",65080,26.4645023345947,3220,0.0777777777777778
"971",65084,26.4645023345947,3220,0.0788888888888889
"972",65088,26.4645023345947,3220,0.08
"973",65092,26.4645023345947,3220,0.0811111111111111
"974",65096,26.4645023345947,3220,0.0822222222222222
"975",65100,26.4645023345947,3220,0.0833333333333333
"976",65104,20.1961326599121,3190,0.0844444444444444
"977",65108,20.1961326599121,3190,0.0855555555555556
"978",65112,20.1961326599121,3190,0.0866666666666667
"979",65116,20.1961326599121,3190,0.0877777777777778
"980",65120,20.1961326599121,3190,0.0888888888888889
"981",65124,20.1961326599121,3190,0.09
"982",65128,20.1961326599121,3190,0.0911111111111111
"983",65132,44.214485168457,3160,0.0922222222222222
"984",65136,44.214485168457,3160,0.0933333333333333
"985",65140,44.214485168457,3160,0.0944444444444444
"986",65144,44.214485168457,3130,0.0955555555555556
"987",65148,44.214485168457,3130,0.0966666666666667
"988",65152,44.214485168457,3130,0.0977777777777778
"989",65156,54.1507568359375,3130,0.0988888888888889
"990",65160,54.1507568359375,3130,0.1
"991",65164,54.1507568359375,3100,0.101111111111111
"992",65168,54.1507568359375,3100,0.102222222222222
"993",65172,54.1507568359375,3100,0.103333333333333
"994",65176,54.1507568359375,3100,0.104444444444444
"995",65180,55.8025970458984,3100,0.105555555555556
"996",65184,55.8025970458984,3100,0.106666666666667
"997",65188,55.8025970458984,3100,0.107777777777778
"998",65192,55.8025970458984,3070,0.108888888888889
"999",65196,55.8025970458984,3070,0.11
"1000",65200,55.8025970458984,3040,0.111111111111111
"1001",65204,67.5116958618164,3040,0.112222222222222
"1002",65208,67.5116958618164,3010,0.113333333333333
"1003",65212,67.5116958618164,3010,0.114444444444444
"1004",65216,67.5116958618164,3010,0.115555555555556
"1005",65220,67.5116958618164,3010,0.116666666666667
"1006",65224,67.5116958618164,2980,0.117777777777778
"1007",65228,67.5116958618164,2980,0.118888888888889
"1008",65232,35.3952560424805,2980,0.12
"1009",65236,35.3952560424805,2950,0.121111111111111
"1010",65240,35.3952560424805,2950,0.122222222222222
"1011",65244,35.3952560424805,2950,0.123333333333333
"1012",65248,35.3952560424805,2950,0.124444444444444
"1013",65252,35.3952560424805,2950,0.125555555555556
"1014",65256,31.9865455627441,2950,0.126666666666667
"1015",65260,31.9865455627441,2950,0.127777777777778
"1016",65264,31.9865455627441,2950,0.128888888888889
"1017",65268,31.9865455627441,2980,0.13
"1018",65272,31.9865455627441,2980,0.131111111111111
"1019",65276,31.9865455627441,2950,0.132222222222222
"1020",65280,42.1431121826172,2950,0.133333333333333
"1021",65284,42.1431121826172,2950,0.134444444444444
"1022",65288,42.1431121826172,2950,0.135555555555556
"1023",65292,42.1431121826172,2920,0.136666666666667
"1024",65296,42.1431121826172,2920,0.137777777777778
"1025",65300,42.1431121826172,2920,0.138888888888889
"1026",65304,49.7094383239746,2890,0.14
"1027",65308,49.7094383239746,2890,0.141111111111111
"1028",65312,49.7094383239746,2890,0.142222222222222
"1029",65316,49.7094383239746,2890,0.143333333333333
"1030",65320,49.7094383239746,2890,0.144444444444444
"1031",65324,49.7094383239746,2890,0.145555555555556
"1032",65328,61.8943290710449,2050,0.146666666666667
"1033",65332,61.8943290710449,2050,0.147777777777778
"1034",65336,61.8943290710449,2050,0.148888888888889
"1035",65340,61.8943290710449,2050,0.15
"1036",65344,61.8943290710449,2050,0.151111111111111
"1037",65348,61.8943290710449,2890,0.152222222222222
"1038",65352,61.8943290710449,2890,0.153333333333333
"1039",65356,102.389678955078,2890,0.154444444444444
"1040",65360,102.389678955078,2020,0.155555555555556
"1041",65364,102.389678955078,2020,0.156666666666667
"1042",65368,102.389678955078,2020,0.157777777777778
"1043",65372,102.389678955078,2020,0.158888888888889
"1044",65376,102.389678955078,2020,0.16
"1045",65380,173.789291381836,2530,0.161111111111111
"1046",65384,173.789291381836,2560,0.162222222222222
"1047",65388,173.789291381836,2560,0.163333333333333
"1048",65392,173.789291381836,2560,0.164444444444444
"1049",65396,173.789291381836,2590,0.165555555555556
"1050",65400,173.789291381836,2590,0.166666666666667
"1051",65404,222.073928833008,2560,0.167777777777778
"1052",65408,222.073928833008,2560,0.168888888888889
"1053",65412,222.073928833008,2560,0.17
"1054",65416,222.073928833008,2560,0.171111111111111
"1055",65420,222.073928833008,2560,0.172222222222222
"1056",65424,222.073928833008,2560,0.173333333333333
"1057",65428,257.435882568359,2530,0.174444444444444
"1058",65432,257.435882568359,2530,0.175555555555556
"1059",65436,257.435882568359,2530,0.176666666666667
"1060",65440,257.435882568359,2500,0.177777777777778
"1061",65444,257.435882568359,2500,0.178888888888889
"1062",65448,257.435882568359,2500,0.18
"1063",65452,267.021209716797,2500,0.181111111111111
"1064",65456,267.021209716797,2500,0.182222222222222
"1065",65460,267.021209716797,2500,0.183333333333333
"1066",65464,267.021209716797,2500,0.184444444444444
"1067",65468,267.021209716797,2500,0.185555555555556
"1068",65472,267.021209716797,2500,0.186666666666667
"1069",65476,267.021209716797,2500,0.187777777777778
"1070",65480,269.630615234375,2500,0.188888888888889
"1071",65484,269.630615234375,2500,0.19
"1072",65488,269.630615234375,2500,0.191111111111111
"1073",65492,269.630615234375,2500,0.192222222222222
"1074",65496,269.630615234375,2470,0.193333333333333
"1075",65500,269.630615234375,2470,0.194444444444444
"1076",65504,217.776596069336,2470,0.195555555555556
"1077",65508,217.776596069336,2470,0.196666666666667
"1078",65512,217.776596069336,2470,0.197777777777778
"1079",65516,217.776596069336,2470,0.198888888888889
"1080",65520,217.776596069336,2470,0.2
"1081",65524,217.776596069336,2470,0.201111111111111
"1082",65528,103.671691894531,2500,0.202222222222222
"1083",65532,103.671691894531,2500,0.203333333333333
"1084",65536,103.671691894531,2500,0.204444444444444
"1085",65540,103.671691894531,2530,0.205555555555556
"1086",65544,103.671691894531,2530,0.206666666666667
"1087",65548,103.671691894531,2530,0.207777777777778
"1088",65552,75.5186233520508,2560,0.208888888888889
"1089",65556,75.5186233520508,2560,0.21
"1090",65560,75.5186233520508,2590,0.211111111111111
"1091",65564,75.5186233520508,2590,0.212222222222222
"1092",65568,75.5186233520508,2620,0.213333333333333
"1093",65572,75.5186233520508,2620,0.214444444444444
"1094",65576,32.3082008361816,2650,0.215555555555556
"1095",65580,32.3082008361816,2650,0.216666666666667
"1096",65584,32.3082008361816,2650,0.217777777777778
"1097",65588,32.3082008361816,2680,0.218888888888889
"1098",65592,32.3082008361816,2680,0.22
"1099",65596,32.3082008361816,2710,0.221111111111111
"1100",65600,32.3082008361816,2710,0.222222222222222
"1101",65604,50.4480171203613,2710,0.223333333333333
"1102",65608,50.4480171203613,2710,0.224444444444444
"1103",65612,50.4480171203613,2710,0.225555555555556
"1104",65616,50.4480171203613,2710,0.226666666666667
"1105",65620,50.4480171203613,2680,0.227777777777778
"1106",65624,50.4480171203613,2680,0.228888888888889
"1107",65628,85.7019424438477,2680,0.23
"1108",65632,85.7019424438477,2650,0.231111111111111
"1109",65636,85.7019424438477,2650,0.232222222222222
"1110",65640,85.7019424438477,2620,0.233333333333333
"1111",65644,85.7019424438477,2620,0.234444444444444
"1112",65648,85.7019424438477,2620,0.235555555555556
"1113",65652,105.881759643555,2620,0.236666666666667
"1114",65656,105.881759643555,2620,0.237777777777778
"1115",65660,105.881759643555,2620,0.238888888888889
"1116",65664,105.881759643555,2620,0.24
"1117",65668,105.881759643555,2590,0.241111111111111
"1118",65672,105.881759643555,2590,0.242222222222222
"1119",65676,105.881759643555,2590,0.243333333333333
"1120",65680,105.881759643555,2590,0.244444444444444
"1121",65684,105.881759643555,2620,0.245555555555556
"1122",65688,102.860939025879,2620,0.246666666666667
"1123",65692,102.860939025879,2620,0.247777777777778
"1124",65696,102.860939025879,2620,0.248888888888889
"1125",65700,102.860939025879,2620,0.25
"1126",65704,102.860939025879,2590,0.251111111111111
"1127",65708,102.860939025879,2560,0.252222222222222
"1128",65712,102.860939025879,2530,0.253333333333333
"1129",65716,102.860939025879,2530,0.254444444444444
"1130",65720,102.860939025879,2500,0.255555555555556
"1131",65724,102.860939025879,2500,0.256666666666667
"1132",65728,45.1901969909668,2530,0.257777777777778
"1133",65732,45.1901969909668,2530,0.258888888888889
"1134",65736,45.1901969909668,2530,0.26
"1135",65740,45.1901969909668,2560,0.261111111111111
"1136",65744,45.1901969909668,2560,0.262222222222222
"1137",65748,45.1901969909668,2560,0.263333333333333
"1138",65752,34.760871887207,2560,0.264444444444444
"1139",65756,34.760871887207,2560,0.265555555555556
"1140",65760,34.760871887207,2590,0.266666666666667
"1141",65764,34.760871887207,2590,0.267777777777778
"1142",65768,34.760871887207,2620,0.268888888888889
"1143",65772,34.760871887207,2620,0.27
"1144",65776,63.9343032836914,2650,0.271111111111111
"1145",65780,63.9343032836914,2650,0.272222222222222
"1146",65784,63.9343032836914,2650,0.273333333333333
"1147",65788,63.9343032836914,2650,0.274444444444444
"1148",65792,63.9343032836914,2620,0.275555555555556
"1149",65796,63.9343032836914,2620,0.276666666666667
"1150",65800,98.0358963012695,2590,0.277777777777778
"1151",65804,98.0358963012695,2590,0.278888888888889
"1152",65808,98.0358963012695,2590,0.28
"1153",65812,98.0358963012695,2590,0.281111111111111
"1154",65816,98.0358963012695,2590,0.282222222222222
"1155",65820,98.0358963012695,2590,0.283333333333333
"1156",65824,98.0358963012695,2620,0.284444444444444
"1157",65828,245.468643188477,2620,0.285555555555556
"1158",65832,245.468643188477,2650,0.286666666666667
"1159",65836,245.468643188477,2650,0.287777777777778
"1160",65840,245.468643188477,2650,0.288888888888889
"1161",65844,245.468643188477,2650,0.29
"1162",65848,245.468643188477,2650,0.291111111111111
"1163",65852,375.580139160156,2650,0.292222222222222
"1164",65856,375.580139160156,2650,0.293333333333333
"1165",65860,375.580139160156,2650,0.294444444444444
"1166",65864,375.580139160156,2650,0.295555555555556
"1167",65868,375.580139160156,2680,0.296666666666667
"1168",65872,375.580139160156,2680,0.297777777777778
"1169",65876,248.382095336914,2680,0.298888888888889
"1170",65880,248.382095336914,2710,0.3
"1171",65884,248.382095336914,2710,0.301111111111111
"1172",65888,248.382095336914,2710,0.302222222222222
"1173",65892,248.382095336914,2680,0.303333333333333
"1174",65896,248.382095336914,2680,0.304444444444444
"1175",65900,179.255493164062,2680,0.305555555555556
"1176",65904,179.255493164062,2710,0.306666666666667
"1177",65908,179.255493164062,2710,0.307777777777778
"1178",65912,179.255493164062,2710,0.308888888888889
"1179",65916,179.255493164062,2740,0.31
"1180",65920,179.255493164062,2740,0.311111111111111
"1181",65924,172.264129638672,2740,0.312222222222222
"1182",65928,172.264129638672,2740,0.313333333333333
"1183",65932,172.264129638672,2740,0.314444444444444
"1184",65936,172.264129638672,2740,0.315555555555556
"1185",65940,172.264129638672,2740,0.316666666666667
"1186",65944,172.264129638672,2770,0.317777777777778
"1187",65948,172.264129638672,2770,0.318888888888889
"1188",65952,131.03190612793,2770,0.32
"1189",65956,131.03190612793,2800,0.321111111111111
"1190",65960,131.03190612793,2800,0.322222222222222
"1191",65964,131.03190612793,2800,0.323333333333333
"1192",65968,131.03190612793,2800,0.324444444444444
"1193",65972,131.03190612793,2800,0.325555555555556
"1194",65976,175.322463989258,2800,0.326666666666667
"1195",65980,175.322463989258,2800,0.327777777777778
"1196",65984,175.322463989258,2800,0.328888888888889
"1197",65988,175.322463989258,2800,0.33
"1198",65992,175.322463989258,2800,0.331111111111111
"1199",65996,175.322463989258,2770,0.332222222222222
"1200",66000,338.294281005859,2770,0.333333333333333
"1201",66004,338.294281005859,2770,0.334444444444444
"1202",66008,338.294281005859,2770,0.335555555555556
"1203",66012,338.294281005859,2770,0.336666666666667
"1204",66016,338.294281005859,2770,0.337777777777778
"1205",66020,338.294281005859,2770,0.338888888888889
"1206",66024,176.070571899414,2770,0.34
"1207",66028,176.070571899414,2770,0.341111111111111
"1208",66032,176.070571899414,2770,0.342222222222222
"1209",66036,176.070571899414,2770,0.343333333333333
"1210",66040,176.070571899414,2800,0.344444444444444
"1211",66044,176.070571899414,2800,0.345555555555556
"1212",66048,275.257904052734,2800,0.346666666666667
"1213",66052,275.257904052734,2830,0.347777777777778
"1214",66056,275.257904052734,2830,0.348888888888889
"1215",66060,275.257904052734,2830,0.35
"1216",66064,275.257904052734,2830,0.351111111111111
"1217",66068,275.257904052734,2830,0.352222222222222
"1218",66072,275.257904052734,2860,0.353333333333333
"1219",66076,366.327331542969,2860,0.354444444444444
"1220",66080,366.327331542969,2860,0.355555555555556
"1221",66084,366.327331542969,2860,0.356666666666667
"1222",66088,366.327331542969,2860,0.357777777777778
"1223",66092,366.327331542969,2830,0.358888888888889
"1224",66096,366.327331542969,2830,0.36
"1225",66100,251.472885131836,2830,0.361111111111111
"1226",66104,251.472885131836,2830,0.362222222222222
"1227",66108,251.472885131836,2830,0.363333333333333
"1228",66112,251.472885131836,2830,0.364444444444444
"1229",66116,251.472885131836,2830,0.365555555555556
"1230",66120,251.472885131836,2830,0.366666666666667
"1231",66124,152.921356201172,2830,0.367777777777778
"1232",66128,152.921356201172,2830,0.368888888888889
"1233",66132,152.921356201172,2830,0.37
"1234",66136,152.921356201172,2830,0.371111111111111
"1235",66140,152.921356201172,2830,0.372222222222222
"1236",66144,152.921356201172,2830,0.373333333333333
"1237",66148,256.127685546875,2830,0.374444444444444
"1238",66152,256.127685546875,2830,0.375555555555556
"1239",66156,256.127685546875,2800,0.376666666666667
"1240",66160,256.127685546875,2800,0.377777777777778
"1241",66164,256.127685546875,2800,0.378888888888889
"1242",66168,256.127685546875,2800,0.38
"1243",66172,256.127685546875,2800,0.381111111111111
"1244",66176,267.785522460938,2830,0.382222222222222
"1245",66180,267.785522460938,2830,0.383333333333333
"1246",66184,267.785522460938,2830,0.384444444444444
"1247",66188,267.785522460938,2800,0.385555555555556
"1248",66192,267.785522460938,2800,0.386666666666667
"1249",66196,267.785522460938,2770,0.387777777777778
"1250",66200,267.785522460938,2740,0.388888888888889
"1251",66204,267.785522460938,2740,0.39
"1252",66208,267.785522460938,2740,0.391111111111111
"1253",66212,267.785522460938,2740,0.392222222222222
"1254",66216,267.785522460938,2740,0.393333333333333
"1255",66220,267.785522460938,2740,0.394444444444444
"1256",66224,267.785522460938,2740,0.395555555555556
"1257",66228,267.785522460938,2740,0.396666666666667
"1258",66232,267.785522460938,2770,0.397777777777778
"1259",66236,267.785522460938,2770,0.398888888888889
"1260",66240,267.785522460938,2740,0.4
"1261",66244,267.785522460938,2740,0.401111111111111
"1262",66248,NA,2710,0.402222222222222
"1263",66252,NA,2710,0.403333333333333
"1264",66256,NA,2710,0.404444444444444
"1265",66260,NA,2710,0.405555555555556
"1266",66264,NA,2710,0.406666666666667
"1267",66268,NA,2710,0.407777777777778
"1268",66272,NA,2710,0.408888888888889
"1269",66276,NA,2710,0.41
"1270",66280,NA,2710,0.411111111111111
"1271",66284,NA,2710,0.412222222222222
"1272",66288,NA,2710,0.413333333333333
"1273",66292,NA,2710,0.414444444444444
"1274",66296,NA,2740,0.415555555555556
"1275",66300,NA,2740,0.416666666666667
"1276",66304,NA,2710,0.417777777777778
"1277",66308,NA,2710,0.418888888888889
"1278",66312,NA,2710,0.42
"1279",66316,NA,2710,0.421111111111111
"1280",66320,NA,2710,0.422222222222222
"1281",66324,NA,2740,0.423333333333333
"1282",66328,NA,2770,0.424444444444444
"1283",66332,NA,2800,0.425555555555556
"1284",66336,NA,2800,0.426666666666667
"1285",66340,NA,2830,0.427777777777778
"1286",66344,NA,2800,0.428888888888889
"1287",66348,NA,2770,0.43
"1288",66352,NA,2740,0.431111111111111
"1289",66356,NA,2710,0.432222222222222
"1290",66360,NA,2710,0.433333333333333
"1291",66364,NA,2710,0.434444444444444
"1292",66368,NA,2740,0.435555555555556
"1293",66372,NA,2770,0.436666666666667
"1294",66376,NA,2800,0.437777777777778
"1295",66380,NA,2830,0.438888888888889
"1296",66384,NA,2920,0.44
"1297",66388,NA,2950,0.441111111111111
"1298",66392,NA,2980,0.442222222222222
"1299",66396,NA,3010,0.443333333333333
"1300",66400,NA,3040,0.444444444444444
"1301",66404,NA,3040,0.445555555555556
"1302",66408,NA,3070,0.446666666666667
"1303",66412,NA,3070,0.447777777777778
"1304",66416,NA,3070,0.448888888888889
"1305",66420,NA,3070,0.45
"1306",66424,NA,3070,0.451111111111111
"1307",66428,212.823791503906,3070,0.452222222222222
"1308",66432,212.823791503906,3070,0.453333333333333
"1309",66436,212.823791503906,3070,0.454444444444444
"1310",66440,212.823791503906,3070,0.455555555555556
"1311",66444,212.823791503906,3070,0.456666666666667
"1312",66448,212.823791503906,3100,0.457777777777778
"1313",66452,212.823791503906,3130,0.458888888888889
"1314",66456,212.823791503906,3160,0.46
"1315",66460,212.823791503906,3160,0.461111111111111
"1316",66464,212.823791503906,3190,0.462222222222222
"1317",66468,212.823791503906,3160,0.463333333333333
"1318",66472,212.823791503906,3130,0.464444444444444
"1319",66476,212.823791503906,2980,0.465555555555556
"1320",66480,212.823791503906,2920,0.466666666666667
"1321",66484,212.823791503906,2890,0.467777777777778
"1322",66488,212.823791503906,2890,0.468888888888889
"1323",66492,212.823791503906,2890,0.47
"1324",66496,221.600158691406,2950,0.471111111111111
"1325",66500,221.600158691406,2980,0.472222222222222
"1326",66504,221.600158691406,3070,0.473333333333333
"1327",66508,221.600158691406,3100,0.474444444444444
"1328",66512,221.600158691406,3130,0.475555555555556
"1329",66516,221.600158691406,3160,0.476666666666667
"1330",66520,181.106643676758,3160,0.477777777777778
"1331",66524,181.106643676758,3130,0.478888888888889
"1332",66528,181.106643676758,3130,0.48
"1333",66532,181.106643676758,3100,0.481111111111111
"1334",66536,181.106643676758,3070,0.482222222222222
"1335",66540,181.106643676758,3070,0.483333333333333
"1336",66544,181.106643676758,3070,0.484444444444444
"1337",66548,181.106643676758,3070,0.485555555555556
"1338",66552,181.106643676758,3070,0.486666666666667
"1339",66556,181.106643676758,3100,0.487777777777778
"1340",66560,181.106643676758,3100,0.488888888888889
"1341",66564,211.818771362305,3130,0.49
"1342",66568,211.818771362305,3160,0.491111111111111
"1343",66572,211.818771362305,3160,0.492222222222222
"1344",66576,211.818771362305,3160,0.493333333333333
"1345",66580,211.818771362305,3130,0.494444444444444
"1346",66584,211.818771362305,3130,0.495555555555556
"1347",66588,211.818771362305,3100,0.496666666666667
"1348",66592,211.818771362305,3070,0.497777777777778
"1349",66596,193.808334350586,3070,0.498888888888889
"1350",66600,193.808334350586,3040,0.5
"1351",66604,193.808334350586,3040,0.501111111111111
"1352",66608,193.808334350586,3070,0.502222222222222
"1353",66612,193.808334350586,3070,0.503333333333333
"1354",66616,193.808334350586,3100,0.504444444444444
"1355",66620,193.808334350586,3130,0.505555555555556
"1356",66624,193.808334350586,3130,0.506666666666667
"1357",66628,193.808334350586,3160,0.507777777777778
"1358",66632,193.808334350586,3160,0.508888888888889
"1359",66636,193.808334350586,3160,0.51
"1360",66640,193.808334350586,3160,0.511111111111111
"1361",66644,193.808334350586,3160,0.512222222222222
"1362",66648,193.808334350586,3160,0.513333333333333
"1363",66652,193.808334350586,3160,0.514444444444444
"1364",66656,71.0271835327148,3160,0.515555555555556
"1365",66660,71.0271835327148,3130,0.516666666666667
"1366",66664,71.0271835327148,3130,0.517777777777778
"1367",66668,71.0271835327148,3100,0.518888888888889
"1368",66672,71.0271835327148,3070,0.52
"1369",66676,71.0271835327148,2830,0.521111111111111
"1370",66680,71.0271835327148,2770,0.522222222222222
"1371",66684,71.0271835327148,2770,0.523333333333333
"1372",66688,71.0271835327148,2740,0.524444444444444
"1373",66692,71.0271835327148,2740,0.525555555555556
"1374",66696,71.0271835327148,2740,0.526666666666667
"1375",66700,71.0271835327148,2740,0.527777777777778
"1376",66704,71.0271835327148,2740,0.528888888888889
"1377",66708,71.0271835327148,2740,0.53
"1378",66712,71.0271835327148,2740,0.531111111111111
"1379",66716,71.0271835327148,2710,0.532222222222222
"1380",66720,71.0271835327148,2710,0.533333333333333
"1381",66724,71.0271835327148,2710,0.534444444444444
"1382",66728,71.0271835327148,2710,0.535555555555556
"1383",66732,82.6173095703125,2710,0.536666666666667
"1384",66736,82.6173095703125,2710,0.537777777777778
"1385",66740,82.6173095703125,2710,0.538888888888889
"1386",66744,82.6173095703125,2740,0.54
"1387",66748,82.6173095703125,2740,0.541111111111111
"1388",66752,82.6173095703125,2770,0.542222222222222
"1389",66756,82.6173095703125,2770,0.543333333333333
"1390",66760,82.6173095703125,2770,0.544444444444444
"1391",66764,82.6173095703125,2770,0.545555555555556
"1392",66768,82.6173095703125,2770,0.546666666666667
"1393",66772,77.6958084106445,2770,0.547777777777778
"1394",66776,77.6958084106445,2800,0.548888888888889
"1395",66780,77.6958084106445,2800,0.55
"1396",66784,77.6958084106445,2800,0.551111111111111
"1397",66788,77.6958084106445,2770,0.552222222222222
"1398",66792,77.6958084106445,2770,0.553333333333333
"1399",66796,67.6089096069336,2770,0.554444444444444
"1400",66800,67.6089096069336,2740,0.555555555555556
"1401",66804,67.6089096069336,2740,0.556666666666667
"1402",66808,67.6089096069336,2770,0.557777777777778
"1403",66812,67.6089096069336,2770,0.558888888888889
"1404",66816,67.6089096069336,2800,0.56
"1405",66820,64.9055633544922,2800,0.561111111111111
"1406",66824,64.9055633544922,2830,0.562222222222222
"1407",66828,64.9055633544922,2830,0.563333333333333
"1408",66832,64.9055633544922,2830,0.564444444444444
"1409",66836,64.9055633544922,2860,0.565555555555556
"1410",66840,64.9055633544922,2860,0.566666666666667
"1411",66844,72.6785125732422,2890,0.567777777777778
"1412",66848,72.6785125732422,2950,0.568888888888889
"1413",66852,72.6785125732422,2980,0.57
"1414",66856,72.6785125732422,3010,0.571111111111111
"1415",66860,72.6785125732422,3040,0.572222222222222
"1416",66864,72.6785125732422,3070,0.573333333333333
"1417",66868,64.4785690307617,3070,0.574444444444444
"1418",66872,64.4785690307617,3070,0.575555555555556
"1419",66876,64.4785690307617,3040,0.576666666666667
"1420",66880,64.4785690307617,3040,0.577777777777778
"1421",66884,64.4785690307617,3040,0.578888888888889
"1422",66888,64.4785690307617,3040,0.58
"1423",66892,64.4785690307617,3040,0.581111111111111
"1424",66896,64.4785690307617,3040,0.582222222222222
"1425",66900,64.4785690307617,3070,0.583333333333333
"1426",66904,64.4785690307617,3070,0.584444444444444
"1427",66908,64.4785690307617,3130,0.585555555555556
"1428",66912,64.4785690307617,3160,0.586666666666667
"1429",66916,64.4785690307617,3160,0.587777777777778
"1430",66920,64.4785690307617,3190,0.588888888888889
"1431",66924,64.4785690307617,3190,0.59
"1432",66928,64.4785690307617,3160,0.591111111111111
"1433",66932,64.4785690307617,3130,0.592222222222222
"1434",66936,55.1129112243652,3100,0.593333333333333
"1435",66940,55.1129112243652,3040,0.594444444444444
"1436",66944,55.1129112243652,2980,0.595555555555556
"1437",66948,55.1129112243652,2950,0.596666666666667
"1438",66952,55.1129112243652,2920,0.597777777777778
"1439",66956,55.1129112243652,2920,0.598888888888889
"1440",66960,55.1129112243652,2920,0.6
"1441",66964,55.1129112243652,2920,0.601111111111111
"1442",66968,55.1129112243652,2920,0.602222222222222
"1443",66972,55.1129112243652,2920,0.603333333333333
"1444",66976,55.1129112243652,2920,0.604444444444444
"1445",66980,55.1129112243652,2920,0.605555555555556
"1446",66984,55.1129112243652,2920,0.606666666666667
"1447",66988,55.1129112243652,2920,0.607777777777778
"1448",66992,58.5263786315918,2920,0.608888888888889
"1449",66996,58.5263786315918,2920,0.61
"1450",67000,58.5263786315918,2920,0.611111111111111
"1451",67004,58.5263786315918,2920,0.612222222222222
"1452",67008,58.5263786315918,2920,0.613333333333333
"1453",67012,58.5263786315918,2920,0.614444444444444
"1454",67016,58.5263786315918,2920,0.615555555555556
"1455",67020,53.0992774963379,2950,0.616666666666667
"1456",67024,53.0992774963379,2950,0.617777777777778
"1457",67028,53.0992774963379,2950,0.618888888888889
"1458",67032,53.0992774963379,2950,0.62
"1459",67036,53.0992774963379,2950,0.621111111111111
"1460",67040,53.0992774963379,2950,0.622222222222222
"1461",67044,53.0992774963379,2920,0.623333333333333
"1462",67048,53.0992774963379,2920,0.624444444444444
"1463",67052,53.0992774963379,2920,0.625555555555556
"1464",67056,53.0992774963379,2890,0.626666666666667
"1465",67060,53.0992774963379,2890,0.627777777777778
"1466",67064,53.0992774963379,2860,0.628888888888889
"1467",67068,53.0992774963379,2860,0.63
"1468",67072,53.0992774963379,2830,0.631111111111111
"1469",67076,53.0992774963379,2800,0.632222222222222
"1470",67080,53.0992774963379,2770,0.633333333333333
"1471",67084,43.4508934020996,2740,0.634444444444444
"1472",67088,43.4508934020996,2740,0.635555555555556
"1473",67092,43.4508934020996,2770,0.636666666666667
"1474",67096,43.4508934020996,2800,0.637777777777778
"1475",67100,43.4508934020996,2800,0.638888888888889
"1476",67104,43.4508934020996,2830,0.64
"1477",67108,43.4508934020996,2830,0.641111111111111
"1478",67112,43.4508934020996,2830,0.642222222222222
"1479",67116,43.4508934020996,2830,0.643333333333333
"1480",67120,43.4508934020996,2830,0.644444444444444
"1481",67124,43.4508934020996,2830,0.645555555555556
"1482",67128,43.4508934020996,2830,0.646666666666667
"1483",67132,43.4508934020996,2830,0.647777777777778
"1484",67136,43.4508934020996,2830,0.648888888888889
"1485",67140,43.4508934020996,2830,0.65
"1486",67144,47.9487838745117,2830,0.651111111111111
"1487",67148,47.9487838745117,2830,0.652222222222222
"1488",67152,47.9487838745117,2830,0.653333333333333
"1489",67156,47.9487838745117,2800,0.654444444444444
"1490",67160,47.9487838745117,2800,0.655555555555556
"1491",67164,47.9487838745117,2800,0.656666666666667
"1492",67168,31.0504093170166,2770,0.657777777777778
"1493",67172,31.0504093170166,2770,0.658888888888889
"1494",67176,31.0504093170166,2740,0.66
"1495",67180,31.0504093170166,2740,0.661111111111111
"1496",67184,31.0504093170166,2740,0.662222222222222
"1497",67188,31.0504093170166,2770,0.663333333333333
"1498",67192,34.5181274414062,2770,0.664444444444444
"1499",67196,34.5181274414062,2770,0.665555555555556
"1500",67200,34.5181274414062,2770,0.666666666666667
"1501",67204,34.5181274414062,2770,0.667777777777778
"1502",67208,34.5181274414062,2800,0.668888888888889
"1503",67212,34.5181274414062,2800,0.67
"1504",67216,33.4072914123535,2800,0.671111111111111
"1505",67220,33.4072914123535,2800,0.672222222222222
"1506",67224,33.4072914123535,2800,0.673333333333333
"1507",67228,33.4072914123535,2830,0.674444444444444
"1508",67232,33.4072914123535,2830,0.675555555555556
"1509",67236,33.4072914123535,2800,0.676666666666667
"1510",67240,26.577787399292,2800,0.677777777777778
"1511",67244,26.577787399292,2770,0.678888888888889
"1512",67248,26.577787399292,2770,0.68
"1513",67252,26.577787399292,2740,0.681111111111111
"1514",67256,26.577787399292,2740,0.682222222222222
"1515",67260,26.577787399292,2740,0.683333333333333
"1516",67264,26.577787399292,2740,0.684444444444444
"1517",67268,26.577787399292,2710,0.685555555555556
"1518",67272,26.577787399292,2710,0.686666666666667
"1519",67276,19.9135894775391,2710,0.687777777777778
"1520",67280,19.9135894775391,2710,0.688888888888889
"1521",67284,19.9135894775391,2710,0.69
"1522",67288,19.9135894775391,2740,0.691111111111111
"1523",67292,19.9135894775391,2740,0.692222222222222
"1524",67296,19.9135894775391,2740,0.693333333333333
"1525",67300,19.9135894775391,2740,0.694444444444444
"1526",67304,19.9135894775391,2710,0.695555555555556
"1527",67308,19.9135894775391,2710,0.696666666666667
"1528",67312,19.9135894775391,2710,0.697777777777778
"1529",67316,11.6615943908691,2710,0.698888888888889
"1530",67320,11.6615943908691,2710,0.7
"1531",67324,11.6615943908691,2710,0.701111111111111
"1532",67328,11.6615943908691,2710,0.702222222222222
"1533",67332,11.6615943908691,2710,0.703333333333333
"1534",67336,11.6615943908691,2680,0.704444444444444
"1535",67340,10.0798120498657,2680,0.705555555555556
"1536",67344,10.0798120498657,2680,0.706666666666667
"1537",67348,10.0798120498657,2650,0.707777777777778
"1538",67352,10.0798120498657,2650,0.708888888888889
"1539",67356,10.0798120498657,2620,0.71
"1540",67360,10.0798120498657,2620,0.711111111111111
"1541",67364,10.0798120498657,2620,0.712222222222222
"1542",67368,51.4980506896973,2620,0.713333333333333
"1543",67372,51.4980506896973,2620,0.714444444444444
"1544",67376,51.4980506896973,2650,0.715555555555556
"1545",67380,51.4980506896973,2680,0.716666666666667
"1546",67384,51.4980506896973,2680,0.717777777777778
"1547",67388,51.4980506896973,2710,0.718888888888889
"1548",67392,74.5553741455078,2710,0.72
"1549",67396,74.5553741455078,2740,0.721111111111111
"1550",67400,74.5553741455078,2740,0.722222222222222
"1551",67404,74.5553741455078,2740,0.723333333333333
"1552",67408,74.5553741455078,2740,0.724444444444444
"1553",67412,74.5553741455078,2740,0.725555555555556
"1554",67416,171.223480224609,2770,0.726666666666667
"1555",67420,171.223480224609,2770,0.727777777777778
"1556",67424,171.223480224609,2770,0.728888888888889
"1557",67428,171.223480224609,2740,0.73
"1558",67432,171.223480224609,2740,0.731111111111111
"1559",67436,171.223480224609,2740,0.732222222222222
"1560",67440,336.460357666016,2740,0.733333333333333
"1561",67444,336.460357666016,2740,0.734444444444444
"1562",67448,336.460357666016,2740,0.735555555555556
"1563",67452,336.460357666016,2740,0.736666666666667
"1564",67456,336.460357666016,2740,0.737777777777778
"1565",67460,336.460357666016,2740,0.738888888888889
"1566",67464,360.527709960938,2740,0.74
"1567",67468,360.527709960938,2740,0.741111111111111
"1568",67472,360.527709960938,2740,0.742222222222222
"1569",67476,360.527709960938,2740,0.743333333333333
"1570",67480,360.527709960938,2740,0.744444444444444
"1571",67484,360.527709960938,2740,0.745555555555556
"1572",67488,285.836608886719,2710,0.746666666666667
"1573",67492,285.836608886719,2710,0.747777777777778
"1574",67496,285.836608886719,2710,0.748888888888889
"1575",67500,285.836608886719,2740,0.75
"1576",67504,285.836608886719,2740,0.751111111111111
"1577",67508,285.836608886719,2770,0.752222222222222
"1578",67512,285.836608886719,2770,0.753333333333333
"1579",67516,201.081298828125,2770,0.754444444444444
"1580",67520,201.081298828125,2770,0.755555555555556
"1581",67524,201.081298828125,2740,0.756666666666667
"1582",67528,201.081298828125,2740,0.757777777777778
"1583",67532,201.081298828125,2710,0.758888888888889
"1584",67536,201.081298828125,2710,0.76
"1585",67540,219.364410400391,2680,0.761111111111111
"1586",67544,219.364410400391,2680,0.762222222222222
"1587",67548,219.364410400391,2680,0.763333333333333
"1588",67552,219.364410400391,2680,0.764444444444444
"1589",67556,219.364410400391,2680,0.765555555555556
"1590",67560,219.364410400391,2680,0.766666666666667
"1591",67564,197.671615600586,8140,0.767777777777778
"1592",67568,197.671615600586,8170,0.768888888888889
"1593",67572,197.671615600586,8170,0.77
"1594",67576,197.671615600586,8170,0.771111111111111
"1595",67580,197.671615600586,8170,0.772222222222222
"1596",67584,197.671615600586,8170,0.773333333333333
"1597",67588,219.278778076172,8140,0.774444444444444
"1598",67592,219.278778076172,8080,0.775555555555556
"1599",67596,219.278778076172,2620,0.776666666666667
"1600",67600,219.278778076172,2620,0.777777777777778
"1601",67604,219.278778076172,2620,0.778888888888889
"1602",67608,219.278778076172,2620,0.78
"1603",67612,219.278778076172,2620,0.781111111111111
"1604",67616,87.8484268188477,2650,0.782222222222222
"1605",67620,87.8484268188477,2650,0.783333333333333
"1606",67624,87.8484268188477,2680,0.784444444444444
"1607",67628,87.8484268188477,2680,0.785555555555556
"1608",67632,87.8484268188477,2710,0.786666666666667
"1609",67636,87.8484268188477,2710,0.787777777777778
"1610",67640,115.812316894531,2710,0.788888888888889
"1611",67644,115.812316894531,7900,0.79
"1612",67648,115.812316894531,7990,0.791111111111111
"1613",67652,115.812316894531,8020,0.792222222222222
"1614",67656,115.812316894531,8020,0.793333333333333
"1615",67660,115.812316894531,8050,0.794444444444444
"1616",67664,63.8242225646973,8050,0.795555555555556
"1617",67668,63.8242225646973,8050,0.796666666666667
"1618",67672,63.8242225646973,8050,0.797777777777778
"1619",67676,63.8242225646973,8050,0.798888888888889
"1620",67680,63.8242225646973,8050,0.8
"1621",67684,63.8242225646973,8080,0.801111111111111
"1622",67688,136.697998046875,8080,0.802222222222222
"1623",67692,136.697998046875,8050,0.803333333333333
"1624",67696,136.697998046875,8050,0.804444444444444
"1625",67700,136.697998046875,8050,0.805555555555556
"1626",67704,136.697998046875,8020,0.806666666666667
"1627",67708,136.697998046875,8020,0.807777777777778
"1628",67712,224.109451293945,8020,0.808888888888889
"1629",67716,224.109451293945,8020,0.81
"1630",67720,224.109451293945,7990,0.811111111111111
"1631",67724,224.109451293945,7990,0.812222222222222
"1632",67728,224.109451293945,7990,0.813333333333333
"1633",67732,224.109451293945,7960,0.814444444444444
"1634",67736,224.109451293945,7960,0.815555555555556
"1635",67740,118.888671875,7960,0.816666666666667
"1636",67744,118.888671875,7960,0.817777777777778
"1637",67748,118.888671875,7960,0.818888888888889
"1638",67752,118.888671875,7960,0.82
"1639",67756,118.888671875,7990,0.821111111111111
"1640",67760,118.888671875,7990,0.822222222222222
"1641",67764,19.3377456665039,7990,0.823333333333333
"1642",67768,19.3377456665039,7960,0.824444444444444
"1643",67772,19.3377456665039,7930,0.825555555555556
"1644",67776,19.3377456665039,7840,0.826666666666667
"1645",67780,19.3377456665039,2710,0.827777777777778
"1646",67784,19.3377456665039,2710,0.828888888888889
"1647",67788,18.345682144165,2710,0.83
"1648",67792,18.345682144165,2710,0.831111111111111
"1649",67796,18.345682144165,2710,0.832222222222222
"1650",67800,18.345682144165,2710,0.833333333333333
"1651",67804,18.345682144165,2710,0.834444444444444
"1652",67808,18.345682144165,8620,0.835555555555556
"1653",67812,14.5126104354858,8650,0.836666666666667
"1654",67816,14.5126104354858,8680,0.837777777777778
"1655",67820,14.5126104354858,8680,0.838888888888889
"1656",67824,14.5126104354858,8680,0.84
"1657",67828,14.5126104354858,8680,0.841111111111111
"1658",67832,14.5126104354858,8680,0.842222222222222
"1659",67836,11.9471836090088,8680,0.843333333333333
"1660",67840,11.9471836090088,8680,0.844444444444444
"1661",67844,11.9471836090088,8710,0.845555555555556
"1662",67848,11.9471836090088,8710,0.846666666666667
"1663",67852,11.9471836090088,8710,0.847777777777778
"1664",67856,11.9471836090088,8710,0.848888888888889
"1665",67860,11.9471836090088,8710,0.85
"1666",67864,4.37793636322021,8710,0.851111111111111
"1667",67868,4.37793636322021,8710,0.852222222222222
"1668",67872,4.37793636322021,8710,0.853333333333333
"1669",67876,4.37793636322021,8710,0.854444444444444
"1670",67880,4.37793636322021,8710,0.855555555555556
"1671",67884,4.37793636322021,8710,0.856666666666667
"1672",67888,7.16983270645142,8710,0.857777777777778
"1673",67892,7.16983270645142,8710,0.858888888888889
"1674",67896,7.16983270645142,8710,0.86
"1675",67900,7.16983270645142,8710,0.861111111111111
"1676",67904,7.16983270645142,8710,0.862222222222222
"1677",67908,7.16983270645142,8710,0.863333333333333
"1678",67912,8.66830825805664,8710,0.864444444444444
"1679",67916,8.66830825805664,8710,0.865555555555556
"1680",67920,8.66830825805664,8710,0.866666666666667
"1681",67924,8.66830825805664,8680,0.867777777777778
"1682",67928,8.66830825805664,8680,0.868888888888889
"1683",67932,8.66830825805664,8680,0.87
"1684",67936,9.9797306060791,8680,0.871111111111111
"1685",67940,9.9797306060791,8680,0.872222222222222
"1686",67944,9.9797306060791,8680,0.873333333333333
"1687",67948,9.9797306060791,8680,0.874444444444444
"1688",67952,9.9797306060791,8650,0.875555555555556
"1689",67956,9.9797306060791,8620,0.876666666666667
"1690",67960,9.9797306060791,2650,0.877777777777778
"1691",67964,19.1359310150146,2650,0.878888888888889
"1692",67968,19.1359310150146,2650,0.88
"1693",67972,19.1359310150146,2680,0.881111111111111
"1694",67976,19.1359310150146,2680,0.882222222222222
"1695",67980,19.1359310150146,2650,0.883333333333333
"1696",67984,19.1359310150146,8320,0.884444444444444
"1697",67988,23.7518787384033,8350,0.885555555555556
"1698",67992,23.7518787384033,8380,0.886666666666667
"1699",67996,23.7518787384033,8380,0.887777777777778
"1700",68000,23.7518787384033,8380,0.888888888888889
"1701",68004,23.7518787384033,8350,0.89
"1702",68008,23.7518787384033,8050,0.891111111111111
"1703",68012,15.5805864334106,8050,0.892222222222222
"1704",68016,15.5805864334106,8020,0.893333333333333
"1705",68020,15.5805864334106,8020,0.894444444444444
"1706",68024,15.5805864334106,8020,0.895555555555556
"1707",68028,15.5805864334106,8020,0.896666666666667
"1708",68032,15.5805864334106,8020,0.897777777777778
"1709",68036,21.8623485565186,8050,0.898888888888889
"1710",68040,21.8623485565186,8050,0.9
"1711",68044,21.8623485565186,8050,0.901111111111111
"1712",68048,21.8623485565186,8050,0.902222222222222
"1713",68052,21.8623485565186,8050,0.903333333333333
"1714",68056,21.8623485565186,8080,0.904444444444444
"1715",68060,27.1075458526611,8080,0.905555555555556
"1716",68064,27.1075458526611,8080,0.906666666666667
"1717",68068,27.1075458526611,8080,0.907777777777778
"1718",68072,27.1075458526611,8080,0.908888888888889
"1719",68076,27.1075458526611,8080,0.91
"1720",68080,27.1075458526611,8110,0.911111111111111
"1721",68084,27.1075458526611,8110,0.912222222222222
"1722",68088,75.2079010009766,8140,0.913333333333333
"1723",68092,75.2079010009766,8140,0.914444444444444
"1724",68096,75.2079010009766,8170,0.915555555555556
"1725",68100,75.2079010009766,8230,0.916666666666667
"1726",68104,75.2079010009766,8230,0.917777777777778
"1727",68108,75.2079010009766,8260,0.918888888888889
"1728",68112,49.3347702026367,8260,0.92
"1729",68116,49.3347702026367,8260,0.921111111111111
"1730",68120,49.3347702026367,8230,0.922222222222222
"1731",68124,49.3347702026367,8230,0.923333333333333
"1732",68128,49.3347702026367,8230,0.924444444444444
"1733",68132,49.3347702026367,8260,0.925555555555556
"1734",68136,19.081428527832,8290,0.926666666666667
"1735",68140,19.081428527832,8560,0.927777777777778
"1736",68144,19.081428527832,8590,0.928888888888889
"1737",68148,19.081428527832,8620,0.93
"1738",68152,19.081428527832,8620,0.931111111111111
"1739",68156,19.081428527832,8620,0.932222222222222
"1740",68160,14.7472467422485,8620,0.933333333333333
"1741",68164,14.7472467422485,8620,0.934444444444444
"1742",68168,14.7472467422485,8620,0.935555555555556
"1743",68172,14.7472467422485,8620,0.936666666666667
"1744",68176,14.7472467422485,8620,0.937777777777778
"1745",68180,14.7472467422485,8620,0.938888888888889
"1746",68184,19.5912342071533,8620,0.94
"1747",68188,19.5912342071533,8620,0.941111111111111
"1748",68192,19.5912342071533,8590,0.942222222222222
"1749",68196,19.5912342071533,8560,0.943333333333333
"1750",68200,19.5912342071533,8440,0.944444444444444
"1751",68204,19.5912342071533,8410,0.945555555555556
"1752",68208,19.5912342071533,8410,0.946666666666667
"1753",68212,74.9513931274414,8410,0.947777777777778
"1754",68216,74.9513931274414,8410,0.948888888888889
"1755",68220,74.9513931274414,8380,0.95
"1756",68224,74.9513931274414,8350,0.951111111111111
"1757",68228,74.9513931274414,8320,0.952222222222222
"1758",68232,74.9513931274414,8290,0.953333333333333
"1759",68236,63.3307991027832,8260,0.954444444444444
"1760",68240,63.3307991027832,8260,0.955555555555556
"1761",68244,63.3307991027832,8260,0.956666666666667
"1762",68248,63.3307991027832,8260,0.957777777777778
"1763",68252,63.3307991027832,8260,0.958888888888889
"1764",68256,63.3307991027832,8260,0.96
"1765",68260,21.2390975952148,8230,0.961111111111111
"1766",68264,21.2390975952148,8230,0.962222222222222
"1767",68268,21.2390975952148,8230,0.963333333333333
"1768",68272,21.2390975952148,8200,0.964444444444444
"1769",68276,21.2390975952148,8200,0.965555555555556
"1770",68280,21.2390975952148,8200,0.966666666666667
"1771",68284,20.3583946228027,8170,0.967777777777778
"1772",68288,20.3583946228027,8170,0.968888888888889
"1773",68292,20.3583946228027,8170,0.97
"1774",68296,20.3583946228027,8170,0.971111111111111
"1775",68300,20.3583946228027,8170,0.972222222222222
"1776",68304,20.3583946228027,8170,0.973333333333333
"1777",68308,20.3583946228027,8140,0.974444444444444
"1778",68312,14.7015647888184,2440,0.975555555555556
"1779",68316,14.7015647888184,2440,0.976666666666667
"1780",68320,14.7015647888184,2440,0.977777777777778
"1781",68324,14.7015647888184,2440,0.978888888888889
"1782",68328,14.7015647888184,2440,0.98
"1783",68332,14.7015647888184,2440,0.981111111111111
"1784",68336,24.7166748046875,2440,0.982222222222222
"1785",68340,24.7166748046875,2440,0.983333333333333
"1786",68344,24.7166748046875,2440,0.984444444444444
"1787",68348,24.7166748046875,2440,0.985555555555556
"1788",68352,24.7166748046875,2470,0.986666666666667
"1789",68356,24.7166748046875,2470,0.987777777777778
"1790",68360,65.2901077270508,2470,0.988888888888889
"1791",68364,65.2901077270508,2470,0.99
"1792",68368,65.2901077270508,2470,0.991111111111111
"1793",68372,65.2901077270508,2470,0.992222222222222
"1794",68376,65.2901077270508,2500,0.993333333333333
"1795",68380,65.2901077270508,2500,0.994444444444444
"1796",68384,114.143859863281,2500,0.995555555555556
"1797",68388,114.143859863281,2500,0.996666666666667
"1798",68392,114.143859863281,2500,0.997777777777778
"1799",68396,114.143859863281,2470,0.998888888888889
